Product Name,Brand,Release Year,Operating System,Screen Size (inch),Battery (mAh),Main Camera (MP),RAM (GB),Internal Storage (GB),Chip Set,CPU speed,GPU,Price
Điện Thoại Oppo A57 4GB/128GB - Hàng Chính Hãng,OPPO,,Android,6.56 inch,5000 mAh,8 MP,4 GB,128 GB,MediaTek Helio G35 8 nhân,2.3 GHz,IMG PowerVR GE8320,3270000
Điện Thoại Oppo A17k (3GB/64GB) - Hàng Chính Hãng,OPPO,,Android,6.56 inch,5000 mAh,5 MP,3 GB,64 GB,MediaTek Helio G35 8 nhân,2.3 GHz,IMG PowerVR GE8320,2370000
Điện thoại Xiaomi Redmi 9A (2GB/32GB) - Hàng chính hãng,Xiaomi,,Android,6.53 inch,5000 mAh,5 MP,2GB,32GB,MediaTek Helio G25 8 nhân,8 nhân 2.0 GHz,IMG PowerVR GE8320,1770000
"Điện Thoại POCO M4 PRO 5G 6.6""/MTK DIMENSITY 810/4G/64G/50+8MP/16MP/5000mAh - Hàng Chính Hãng",POCO,,Android,,,,,,,,,2790000
Apple iPhone 15 Pro Max,Apple,,iOS,6.7 inch,4422 mAh,,8 GB,1 TB,Apple A17 Pro 6 nhân,3.78 GHz,Apple GPU 6 nhân,33450000
Apple iPhone 13,Apple,,iOS,6.1 inch,3240 mAh,,4 GB,128GB,Apple A15 Bionic 6 nhân,3.22 GHz,Apple GPU 4 nhân,15692000
Điện Thoại Nokia C30 (2GB/32GB) - Hàng Chính Hãng,Nokia,,Android,,6000 mAh,5 MP,2GB,32GB,Spreadtrum SC9863A 8 nhân,4 nhân 1.6 GHz & 4 nhân 1.2 GHz,IMG PowerVR 8322,1475000
Apple iPhone 15 Plus,Apple,,iOS,6.7 inch,4383 mAh,,6 GB,512 GB,Apple A16 Bionic 6 nhân,3.46 GHz,Apple GPU 5 nhân,24950000
Apple iPhone 15 Pro,Apple,,iOS,6.1 inch,3274 mAh,,8 GB,1 TB,Apple A17 Pro 6 nhân,3.78 GHz,Apple GPU 6 nhân,27490000
Điện thoại Xiaomi Redmi Note 12 (8GB/128GB) - Hàng chính hãng,Xiaomi,,Android,,5000 mAh,13 MP,8GB,128GB,Snapdragon 685 8 nhân,2.8 GHz,Adreno 610,4490000
Điện Thoại Oppo Reno8 5G (8GB/256GB) - Hàng Chính Hãng,OPPO,,Android,6.43 inch, 4500 mAh, 32 MP,8GB,256GB, MediaTek Dimensity 1300 8 nhân,3 GHz,Mali-G77 MC9,6290000
Điện Thoại Samsung Galaxy S20 FE (8GB/256GB) - Hàng Chính Hãng - Đã kích hoạt bảo hành điện tử,Samsung,,Android,6.5 inch,4500 mAh,32 MP,8 GB,256 GB,Snapdragon 865 8 nhân,"1 nhân 2.84 GHz, 3 nhân 2.42 GHz & 4 nhân 1.8 GHz",Adreno 650,7090000
Apple iPhone 15,Apple,,iOS,6.1 inch,3349 mAh,,6 GB,128 GB,Apple A16 Bionic 6 nhân,3.46 GHz,Apple GPU 5 nhân,20990000
Điện Thoại Oppo A77s  8GB/128GB - Hàng Chính Hãng,OPPO,,Android,6.56 inch,5000 mAh,8 MP,8 GB,128 GB,Snapdragon 680 8 nhân,2.4 GHz,Adreno 610,4350000
Điện thoại Samsung Galaxy A05 (4GB/128GB) - Đã kích hoạt bảo hành điện tử - Hàng chính hãng,Samsung,,Android,6.7 inch,5000 mAh,"	8 MP",4GB,128GB,MediaTek Helio G85,"	4 nhân 2.0 GHz &amp; 4 nhân 1.8 GHz",Mali-G52,2650000
Điện thoại Samsung Galaxy A04s (4GB/64GB) - Hàng chính hãng,Samsung,,Android,6.5 inch,5000 mAh,5 MP,4GB,64GB,Exynos 850 8 nhân,2.0 GHz,Mali-G52,2790000
Điện thoại Xiaomi Redmi 10 2022 (4GB/128GB) - Hàng chính hãng,Xiaomi,,Android,,5000 mAh,8 MP,4GB,128GB,MediaTek Helio G88 8 nhân,2 nhân 2.0 GHz & 6 nhân 1.8 GHz,Mali-G52 MC2,2762000
Điện thoại Realme C55 (6GB/128GB) - Hàng chính hãng,Realme,,Android,6.72 inch,5000 mAh,8 MP,6GB,128GB,MediaTek Helio G88 8 nhân,2.0 GHz,Mali-G52,3590000
Apple iPhone 14,Apple,,iOS,6.1 inch,3279 mAh,12MP,6 GB,128GB,Apple A15 Bionic 6 nhân,3.22 GHz,Apple GPU 5 nhân,18490000
Điện Thoại Oppo Reno 10 5G (8GB/256GB) - Hàng Chính Hãng,OPPO,,Android,6.7 inch,5000 mAh,32 MP,8 GB,256 GB,MediaTek Dimensity 7050 5G 8 nhân,2.6 GHz,Mali-G68 MC4,9490000
Điện thoại Samsung Galaxy A04 (3GB/32GB) - Đã kích hoạt bảo hành điện tử -  Hàng chính hãng,Samsung,,Android,,,,,,,,,1999000
Điện thoại Xiaomi Redmi A1 (2GB/32GB) - Hàng chính hãng,Xiaomi,,Android,6.52 inch,5000 mAh,5 MP,2 GB,32 GB,MediaTek MT6761 4 nhân (Helio A22), 2.0 GHz,IMG PowerVR GE8300,1673000
Điện thoại Samsung Galaxy S23 5G (8GB/256GB) - Hàng chính hãng,Samsung,,Android,6.1 inch,3900 mAh,12 MP,8GB,256GB,Snapdragon 8 Gen 2 8 nhân,"1 nhân 3.36 GHz, 4 nhân 2.8 GHz & 3 nhân 2 GHz",Adreno 740,15490000
Apple iPhone 11,Apple,,iOS,6.1 inch,3110 mAh,12 MP,4 GB,128GB,Apple A13 Bionic 6 nhân,2 nhân 2.65 GHz & 4 nhân 1.8 GHz,Apple GPU 4 nhân,11990000
Điện thoại Samsung Galaxy A54 5G - Đã kích hoạt bảo hành điện tử - Hàng chính hãng,Samsung,,Android,,,,,,,,,7290000
Điện thoại Samsung Galaxy A34 5G (8GB/128GB) - Đã kích hoạt bảo hành điện tử - Hàng chính hãng,Samsung,,Android,,,,,,,,,5990000
Điện thoại Samsung Galaxy A05s (4GB/128GB) - Hàng chính hãng ,Samsung,,Android,,,,,,,,,3490000
Điện thoại Samsung Galaxy M14 5G (6GB/128GB) - Đã kích hoạt bảo hành điện tử - Hàng chính hãng,Samsung,,Android,,,,,,,,,4290000
Điện thoại Xiaomi Redmi Note 12 (8GB/128GB) - Hàng chính hãng,Xiaomi,,Android,6.67 inch,5000,,8GB,128GB,Snapdragon 685 8 nhân,2.8 GHz,,4445000
Điện Thoại Xiaomi Redmi 12C 4GB/64GB - Hàng Chính Hãng,Xiaomi,,Android,6.7 inch,5000 mAh,5 MP,4GB,64GB,MediaTek Helio G85 8 nhân,2 nhân 2.0 GHz & 6 nhân 1.8 GHz,Mali-G52 MC2,2465000
Điện thoại Realme 11 (8GB/128GB) - Hàng chính hãng ,Realme,,Android,,,,,,,,,6250000
Điện thoại Xiaomi Redmi Note 10 JE 5G 4GB/64GB - Màn 90HZ - Chống Nước IP68 - Hàng Nhập Khẩu - Bản quốc tế,Xiaomi,,Android,,,,4GB,64GB,Snapdragon 480 5G,,,2399000
Điện thoại Nokia C32 (4GB/128GB) - Hàng chính hãng,Nokia,,Android,,,,,,,,,2750000
Điện thoại Tecno POVA 5 (8+8)/128GB - MediaTek Helio G99 - Sạc nhanh 45W - 6.8'' FHD+120HZ - Hàng Chính Hãng - BH 13 Tháng,Tecno,,Android,6.8 inch,,,,,MediaTek Helio G99,,,4050000
Điện thoại Xiaomi Redmi Note 12 (4GB/128GB) - Hàng chính hãng,Xiaomi,,Android,6.67 inch,5000 mAh,13 MP,4GB,128GB,Snapdragon 685 8 nhân,2.8 GHz,Adreno 610,3650000
Apple iPhone 14 Plus,Apple,,iOS,6.7 inch,4325 mAh,12MP,6 GB,128GB,Apple A15 Bionic 6 nhân,3.22 GHz,Apple GPU 5 nhân,20990000
Apple iPhone 12,Apple,,iOS,6.1 inch,2815 mAh,12 MP,4 GB,128 GB,Apple A14 Bionic 6 nhân,2 nhân 3.1 GHz & 4 nhân 1.8 GHz,Apple GPU 4 nhân,12620000
Điện thoại Xiaomi Redmi 10C (4GB/128GB) - Hàng chính hãng,Xiaomi,,Android,6.71 inch,5000 mAh,5 MP,4GB,128GB,Snapdragon 680 8 nhân,4 nhân 2.4 GHz & 4 nhân 1.9 GHz,Adreno 610,2960000
Điện thoại Xiaomi Redmi 12C (3GB/32GB) - Hàng chính hãng,Xiaomi,,Android,6.7 inch,5000mah,,3GB,32GB,MediaTek Helio G85,,,2029000
Điện Thoại Samsung Galaxy A04s (4GB/64GB) - Hàng Chính Hãng - Đã kích hoạt bảo hành điện tử,Samsung,,Android,6.5 inch,,,,,Exynos 850,2GHz,,2950000
Điện thoại POCO M5 4GB+64GB/6GB+128GB | Pin 5000mAh | MediaTek Helio G99 | Sạc nhanh 18W - Hàng chính hãng,Xiaomi,,Android,,,,,,,,,2599000
Điện Thoại Samsung A54 5G 8GB/128GB - Hàng Chính Hãng,Samsung,,Android,6.6 inch,5000 mAh,,128GB,8GB,Exynos 1380 ,,,7251000
Điện Thoại Oppo A78 8GB/256GB - Hàng Chính Hãng ,OPPO,,Android,6.43 inch,5000 mAh,8 MP,8 GB,128 GB,Snapdragon 680 8 nhân,4 nhân 2.4 GHz & 4 nhân 1.9 GHz,Adreno 610,6290000
Điện thoại Xiaomi Redmi Note 12S 4G (8GB/256GB) - Hàng chính hãng,Xiaomi,,Android,6.43 inch,5000 mAh,,8 GB,256 GB,MediaTek Helio G96 8 nhân,2 nhân 2.05 GHz &amp; 6 nhân 2.0 GHz,Mali-G57 MC2,4890000
Điện Thoại Samsung Galaxy A04e (3GB/32GB)- Hàng Chính Hãng,Samsung,,Android,6.5 inch,5000 mAh,"5 MP, f/2.2",3GB,32GB,8 nhân,2.3 GHz &amp; 1.8 GHz,,2078000
Điện thoại Samsung Galaxy Z Flip 5 - Hàng chính hãng,Samsung,,Android,,,,,,,,,17990000
Điện Thoại Samsung A34 5G 8GB/128GB - Hàng Chính Hãng,Samsung,,Android,6.6 inch,,,,,Dimensity 1080,,,5799000
Điện thoại Samsung Galaxy A05s (4Gb/128Gb) - Hàng chính hãng - Đã kích hoạt bảo hành điện tử,Samsung,,Android,6.7 inch,5000 mah,,4 GB,128 GB,Snapdragon 680,"	4 nhân 2.4 GHz &amp; 4 nhân 1.9 GHz","	Adreno 610",3490000
Điện Thoại Samsung A05 4GB/128GB - Hàng Chính Hãng,Samsung,,Android,6.7 inch,5000 mAh,,4GB,128GB,MediaTek Helio G85 8 nhân,,Mali-G52,2774000
Điện thoại OPPO A58 (6GB/128GB) - Hàng Chính Hãng,OPPO,,Android,6.7 inch,5000,, 6 GB,128GB,MediaTek Helio G85 8 nhân, 2.0 GHz,Mali-G52 MP2,4290000
Điện thoại Realme C51 (4GB/128GB) - Hàng chính hãng ,Realme,,Android,6.74 inch,5000 mAh,5 MP,4GB,128GB,Unisoc Tiger T612,1.82 GHz,Mali-G57,3158000
Điện thoại Tecno SPARK 10 Pro 8GB/256GB - Helio G88 | 5000 mAh | Sạc nhanh 18W | Cảm ứng vân tay - Hàng chính hãng,Tecno,,Android,,,,,,Helio G88,,,4150000
Điện Thoại Oppo Reno8 T 5G 8GB/128GB - Hàng Chính Hãng,OPPO,,Android,,4800 mAh,,128GB,8GB,Snapdragon 695 5G,,,7700000
Điện thoại Xiaomi Redmi 13C (6GB/128GB) - Hàng chính hãng - Đã kích hoạt bảo hành điện tử,Xiaomi,,Android,6.74 inch,5000,,6GB,128GB,MediaTek Helio G85 8 nhân,2 nhân 2.0 GHz &amp; 6 nhân 1.8 GHz,Mali-G52 MC2,2990000
"Điện thoại ITEL A48 2GB/32GB , 6.1"" HD+ , Camera kép - Hàng Chính Hãng",OEM,,Android,6.1 inch,3000mah,,2GB,32GB,,,,1299000
Điện Thoại Samsung Galaxy A14 (4GB/128GB) - Hàng Chính Hãng,Samsung,,Android,,,,,,,,,3672000
Điện thoại Samsung Galaxy M34 5G (8GB/128GB) - Hàng chính hãng,Samsung,,Android,,,,,,,,,6839000
Điện thoại Samsung Galaxy A05s 4GB/128GB- Hàng Chính hãng,Samsung,,Android,6.7 inch,,,,,,,,3591000
Điện thoại Samsung Galaxy A54 5G (8GB/128GB) - Hàng chính hãng,Samsung,,Android,,,,,,,,,7990000
Điện thoại Nokia C30 2GB/32GB - Hàng chính hãng,Nokia,,Android,,,,32GB,2GB,,,,1550000
Điện Thoại Samsung A05s 4GB/128GB - Hàng Chính Hãng,Samsung,,Android,6.7 inch,5000 mAh,,4GB,128GB,Snapdragon 680 8 nhân,,4 nhân 2.4 GHz &amp; 4 nhân 1.9 GHz,3389000
Điện thoại Samsung Galaxy A34 5G (8GB/128GB) - Hàng chính hãng - ĐÃ KÍCH HOẠT BẢO HÀNH ĐIỆN TỬ,Samsung,,Android,6.6 inch,,,8GB,128GB, MediaTek Dimensity 1080 8 nhân, 2.2 GHz,,5950000
"Điện thoại thông minh itel A26  2 Sim 2 Sóng 4G LTE - Màn hình IPS 5.7"" - RAM 2GB + ROM 32 GB - Mở khoá bằng Gương Mặt -  Hàng chính hãng ",Itel,,Android,5.7 inch,2950mAh/3020mAh（min/typ）,,2 GB,32 GB,Spreadtrum SC9832E,Quad-core ARM CortexTM A53 1.4GHz,Single-coreARM mali820 as 3D graphics accelerator,2390000
Điện thoại Xiaomi Redmi Note 12S (8GB/256GB) - Hàng chính hãng,Xiaomi,,Android,6.43 inch,5000mAh,,,,MediaTek Helio G96,,ARM Mali-G57 MC2,5089000
Điện Thoại Smartphone KXD EL D68 3GB/32GB - Hàng chính hãng,Itel,,Android,6.09 inch,3600mah,,3GB,32GB,MTK6739 Quad core,,,1088000
Điện thoại OPPO Reno10 5G (8GB/256GB) - Hàng Chính Hãng,OPPO,,Android,6.7 inch,5000,,8GB,256GB,"	MediaTek Dimensity 7050 5G 8 nhân",2.6 GHz,"	Mali-G68 MC4",9290000
Điện thoại Xiaomi Redmi Note 10T 5G 4GB/64GB - Màn 90HZ - Chống Nước IP68 - Hàng Nhập Khẩu - Bản quốc tế,Xiaomi,,Android,,5000mah,,4GB,64GB,Qualcomm Snapdragon 480 5G,,,2499000
Điện Thoại Itel S23 4GB/128GB | Pin 5000mAh | 6.6 Inch | Camera 50MP | HÀNG CHÍNH HÃNG,Itel,,Android,6.6 inch,5000mAh,,4GB,128GB,Unisoc T606,,,2190000
Điện thoại Xiaomi Redmi Note 12 Pro 4G (8GB/256GB) - Hàng chính hãng,Xiaomi,,Android,6.67 inch,5000 mAh,,8 GB,256 GB,Snapdragon 732G 8 nhân,2 nhân 2.2 GHz &amp; 6 nhân 1.8 GHz, Adreno 618,6750000
Điện thoại Samsung Galaxy M34 5G (8GB/128GB) - Hàng chính hãng,Samsung,,Android,,,,,,,,,6850000
Điện thoại Smartphone Sugar A100 2GB/16GB 4G LTE - Hàng chính hãng,Sugar,,Android,,,,,,Mediatek MT6739 4 nhân 4x1.5GHz,,,799000
Điện thoại Samsung Galaxy A34 5G (8GB/128GB) - Hàng chính hãng,Samsung,,Android,6.6 inch,5000 mAh,13 MP, 8 GB,128 GB,MediaTek Dimensity 1080 8 nhân,2.2 GHz, Mali-G68 MC4,6490000
Điện Thoại Oppo A58 6GB/128GB - Hàng Chính Hãng ,OPPO,,Android,6.72 inch,5000 mAh,8 MP,6 GB,128 GB,MediaTek Helio G85 8 nhân,2.0 GHz,Mali-G52 MP2,4590000
Điện thoại Xiaomi Redmi Note 12 Pro 5G (8GB/256GB) - Hàng chính hãng ,Xiaomi,,Android,6.67 inch,5000,,8GB,256GB,MediaTek Dimensity 1080 8 nhân, 2.6 GHz,,8250000
Điện thoại OPPO A55s 5G 4GB/64GB - Màn 90hz - Chống nước IP68 - Hàng nhập khẩu - Bản quốc tế ,OPPO,,Android,6.5 inch,4000mah,,4GB,64GB,Snapdragon 480 5G,,,2899000
"Điện thoại Tecno SPARK GO 2023 4GB/64GB - Helio A22 | 5000 mAh | 6,6"" HD+| Cảm ứng vân tay | Hàng chính hãng | Bảo hành chính hãng 13 tháng",Tecno,,Android,,,,,,,,,2199000
Điện Thoại TCL 40SE (4GB/128GB) - Hàng Chính Hãng,TCL,,Android,6.75 inch,5010 mAh,,4GB,128GB,MediaTek Helio G37,MediaTek Helio G37,MG GE8320,2594000
"Điện thoại thông minh siêu bền Oukitel WP28 (màn hình 6.52‘' ,HD+ ,pin 10600mAh ,Ram 15Gb(8GB+7Gb),Rom 256GB ,Android13, camera 48MP)-hàng chính hãng",Oukitel,,Android,,,,,,,,,4990000
Điện thoại Xiaomi Redmi 12C (4GB/64GB) - Hàng chính hãng,Xiaomi,,Android,6.7 inch,,,,,MediaTek Helio G85 8 nhân, 2 nhân 2.0 GHz &amp; 6 nhân 1.8 GHz,,2450000
Điện thoại Samsung Galaxy S21 FE 5G (8GB/128GB) - Hàng chính hãng,Samsung,,Android,6.4 inch,4500mAh, 32 MP,8GB, 128 GB,Exynos 2100 8 nhân,"1 nhân 2.9 GHz, 3 nhân 2.8 GHz & 4 nhân 2.2 GHz",Mali-G78 MP14,8650000
Điện Thoại Xiaomi Redmi Note 12 4GB/128GB - Hàng Chính Hãng,Xiaomi,,Android,6.67 inch,,,,,Snapdragon 685 8 nhân,,,2659000
Điện Thoại Samsung Galaxy S23 Ultra 5G (8GB/256GB) - Hàng Chính Hãng,Samsung,,Android,6.8 inch, 5000 mAh,,8GB,256GB, Snapdragon 8 Gen 2 8 nhân," 1 nhân 3.36 GHz, 4 nhân 2.8 GHz &amp; 3 nhân 2 GHz", Adreno 740,22590000
Điện thoại Samsung Galaxy S23 Plus 5G (8GB/512GB) - Hàng chính hãng ,Samsung,,Android,6.6 inch,4700 mAh,12 MP,8GB,512GB,Snapdragon 8 Gen 2 8 nhân,"1 nhân 3.36 GHz, 4 nhân 2.8 GHz & 3 nhân 2 GHz",Adreno 740,17990000
Điện thoại Gaming Nubia Neo | 18(8+10)GB/256GB | 6.6'' FHD+ 120Hz | Unisoc T820 | Sạc 22.5W | Hàng Chính Hãng,Redmagic,,Android,6.6 inch,,,,,Unisoc T820,2.7Ghz,,4590000
Điện thoại TECNO Spark 10 4GB+4GB/128GB - RAM mở rộng tới 8GB | Pin 5000 mAh | Màn 90Hz - Sạc nhanh 18W - Hàng chính hãng,Tecno,,Android,,5000 mah,,4GB,128 GB,MediaTek Helio G37,,,2596000
Điện thoại Samsung Galaxy Z Fold 5 - Hàng chính hãng,Samsung,,Android,,,,,,,,,32990000
Điện Thoại Samsung Galaxy Z Flip5 5G - Hàng Chính Hãng - Đã kích hoạt bảo hành điện tử,Samsung,,Android,6.7 inch,3700,,8GB,256GB, Snapdragon 8 Gen 2 for Galaxy," 1 nhân 3.36 GHz, 4 nhân 2.8 GHz &amp; 3 nhân 2 GHz", Adreno 740,17900000
XIAOMI 13T 5G (12GB-256GB) - Hàng chính hãng,Xiaomi,,Android,6.67 inch,,,,, MediaTek Dimensity 8200-Ultra," 1 nhân 3.1 GHz, 3 nhân 3 GHz &amp; 4 nhân 2 GHz",,11390000
"Điện thoại Tecno POVA 5 (8GB+8GB/128GB) RAM mở rộng 16GB | Pin 6000 mAh | Màn 120Hz - Sạc nhanh 45W - Hàng Chính Hãng			 				",Tecno,,Android,6.78 inch,6000mah,,8GB,128GB,CPU Mediatek MT8781 Helio G99 (6nm),,,3799000
Điện thoại Xiaomi 13T Pro (12GB/512GB) - Hàng chính hãng ,Xiaomi,,Android,6.67 inch,5000mah,,12,512,MediaTek Dimensity 9200+ 5G 8 nhân,"1 nhân 3.35 GHz, 3 nhân 3 GHz &amp; 4 nhân 2 GHz",Immortalis-G715,14494000
Điện Thoại Itel S23 128GB/16GB (8GB+8GB) | Pin 5000mAh | 6.6 Inch | Camera 50MP | 90Hz | Face ID - Hàng chính Hãng,Itel,,Android,6.6 inch,5000mAh,,16GB,128GB,Unisoc T606,,,2549000
Điện Thoại Vsmart Bee Lite 2GB/16GB - Hàng Chính Hãng,Vsmart,,Android,5.45 inch,,,,,Snapdragon 215 4 nhân,4 nhân 1.3 GHz,,959000
Điện thoại Samsung Galaxy M14 5G (4GB/64GB) - Hàng chính hãng,Samsung,,Android,6.6 inch,6000 mah,,4GB,128GB,Exynos 1330,,,3135000
Điện Thoại Samsung Galaxy A54 5G (8GB/128GB) - Hàng Chính Hãng - Đã kích hoạt bảo hành điện tử,Samsung,,Android,6.4 inch,,,8GB,128GB, Exynos 1380 8 nhân, 4 nhân 2.4 GHz &amp; 4 nhân 2 GHz, Mali-G68,7550000
Điện thoại vivo Y22s (8GB - 128GB) - Hàng Chính Hãng,Vivo,,Android,,,,,,,,,5990000
Điện thoại Tecno POVA 5 (8+8)/256GB - MediaTek Helio G99 - Sạc nhanh 45W - 6.8'' FHD+120HZ - Hàng Chính Hãng -  BH 13 Tháng,Tecno,,Android,6.8 inch,,,,,MediaTek G99,,,4790000
Điện thoại POCO M5 4GB+64GB - Pin 5000mAh - MediaTek Helio G99 -  Sạc nhanh 18W - Hàng chính hãng,Xiaomi,,Android,6.59 inch,5000mah,,4GB,64GB,MediaTek Helio G99,,,2596000
Điện thoại Tecno CAMON 20 Pro 8GB/256GB - Camera 64MP + 32MP | Helio G99 | 5000 mAh/ 33W | 6.7'' FHD AMOLED - Hàng Chính Hãng - BH 13 Tháng,Tecno,,Android,,,,,,,,,5090000
Điện thoại Samsung Galaxy A34 5G (8GB/128GB) - Hàng chính hãng,Samsung,,Android,6.6 inch,,,,,MediaTek Dimensity 1080 8 nhân,,,6099000
Điện thoại Tecno SPARK 10 4GB/128GB - Camera 50MP | 5000 mAh | Sạc nhanh 18W | Cảm ứng vân tay - Hàng chính hãng,Tecno,,Android,,,,,,Helio G37,,,2970000
Điện thoại Samsung Galaxy M14 5G (4GB/64GB) - Hàng chính hãng - Đã kích hoạt bảo hành điện tử,Samsung,,Android,6.6 inch,6000,,4GB,128GB,Exynos 1330 (5nm),"2.4GHz, 2GHz",,3590000
"[Mới] Điện thoại vivo V29e 5G (8GB/256GB) - Hàng Chính Hãng - Camera Selfie 50 MP - Vòng Sáng Aura 2.0 - Màn hình AMOLED 6.67""",Vivo,,Android,6.67 inch,4800 mAh,,8GB,256GB,,,,8990000
[MỚI] Điện thoại vivo Y17s - Hàng chính hãng - Camera 50MP - Pin 5000 mAh - Sạc nhanh- RAM mở rộng đến 8GB,Vivo,,Android,,,,,,,,,3990000
Điện thoại VIVO Y02t - Hàng chính hãng - Pin Khủng 5000mAh - Màn hình 6.51HD+,Vivo,,Android,6.5 inch,5.000 mAh,,4GB,, Helio P35,,,3290000
"Điện thoại oukitel WP22 (Loa to,Chống nước ,chống sốc IP68/IP69K,Ram 13Gb(8GB+5Gb mở rộng),Rom 256Gb,Màn hình 6.58 FHD,tầm nhìn ban đêm,Pin 10.000mAh)- Hàng chính hãng",Oukitel,,Android,,,,,,CPU: MTK Helio P90,,,5990000
Điện Thoại Samsung M34 5G 8GB/128GB - Hàng Chính Hãng,Samsung,,Android,6.5 inch,6000 mAh,,8GB,128GB,Exynos 1280 8 nhân,,2 nhân 2.4 GHz &amp; 6 nhân 2 GHz,6449000
Điện Thoại Samsung A14 4GB/128GB - Hàng Chính Hãng,Samsung,,Android,6.6 inch,5000 mAh,,128GB,4GB,Exynos 850,,,3672000
Điện thoại Masstel Hapi 30 4G Hàng Chính Hãng,Masstel,,Android,,,,,,,,,998000
Điện Thoại Samsung A04 3GB/32GB - Hàng Chính Hãng,Samsung,,Android,, 5000 mAh,,32GB,3GB, Mediatek Helio P35,,MediaTek Helio P35,2135000
Điện thoại Samsung Galaxy A05 (4GB/128GB) - Hàng chính hãng - ĐÃ KÍCH HOẠT BẢO HÀNH ĐIỆN TỬ,Samsung,,Android,6.7 inch,5000 mAh,,4GB,128GB,Mediatek Helio G85,4 nhân 2.0 GHz &amp; 4 nhân 1.8 GHz,Mali-G52,2790000
Điện Thoại Oppo A54 (4GB/128GB) - Hàng Chính Hãng - Đã kích hoạt bảo hành điện tử,OPPO,,Android,6.5 inch,,,4GB,128GB,MediaTek Helio P35,,,3490000
Điện thoại OPPO Reno8T 5G (8GB/128GB) - Hàng chính hãng,OPPO,,Android,,,,,,,,,7700000
Điện thoại Xiaomi 12 (8 GB/256 GB) - Hàng chính hãng,Xiaomi,,Android,6.28 inch,4500 mAh,, 8 GB,256 GB,Snapdragon 8 Gen 1 8 nhân,"1 nhân 3 GHz, 3 nhân 2.5 GHz &amp; 4 nhân 1.79 GHz",Adreno 730,12900000
Điện Thoại OPPO A77s (8GB/128GB) - Hàng Chính Hãng,OPPO,,Android,6.56 inch,,,8GB,128GB,Snapdragon 680 8 nhân, 2.4 GHz,,4890000
"Điện thoại Oukitel  WP12 Pro (chống nước,chống va đập,RAM 8GB(Ram 4GB+ 4Gb),Rom 64 Gb,8 nhân)- hÀng chính hãng",Oukitel,,Android,,,,,,,,,2990000
Điện thoại Samsung Galaxy Z Flip 4 (8GB/256GB) - Hàng chính hãng,Samsung,,Android,6.7 inch, 3700 mAh,10 MP,8GB,256GB,Snapdragon 8+ Gen 1 8 nhân,"1 nhân 3.18 GHz, 3 nhân 2.7 GHz & 4 nhân 2 GHz",Adreno 670,11990000
Điện thoại Samsung Galaxy Z Flip 4 (8GB/128GB) - Hàng chính hãng,Samsung,,Android,6.7 inch, 3700 mAh, 10 MP, 8 GB,128GB, Snapdragon 8+ Gen 1 8 nhân,"1 nhân 3.18 GHz, 3 nhân 2.7 GHz & 4 nhân 2 GHz", Adreno 670,11490000
Điện Thoại TCL 40SE (6GB/256GB) - Hàng Chính Hãng,TCL,,Android,6.75 inch,5010 mAh,,6GB,256GB,MediaTek Helio G37,MediaTek Helio G37,MG GE8320,3317000
Điện Thoại Oppo A54 (4GB/128GB) - Hàng Chính Hãng,OPPO,,Android,6.5 inch,5000 mAh,16 MP,4GB,128GB,MediaTek Helio P35 8 nhân,4 nhân 2.35 GHz &amp; 4 nhân 1.8 GHz,IMG PowerVR GE8320,3912000
Điện thoại Tecno POVA 5 16GB(8+8)/128GB - MediaTek G99 - Sạc nhanh 45W - 6.8'' FHD+ Tần số quét 120HZ - Hàng Chính Hãng,Tecno,,Android,6.8 inch,6000mAH,,8GB,128GB,HELIO G99,,,3890000
"Điện thoại Oukitel K15 Plus(chống sốc,chống va đập,pin 10.000mAh,Ram 4Gb,Rom 32Gb) - hàng chính hãng",Oukitel,,Android,,,,4Gb,,,,,4790000
"Điện thoại oukitel  k15 pro (chống sốc,pin khủng,pin 10.000mAh ,Ram 8Gb,Rom 128Gb) – hàng chính hãng",Oukitel,,Android,6.52 inch,,,8Gb,128Gb,,MT6771 Octa Core,,4990000
Điện thoại Samsung Galaxy S23 Ultra 5G (12GB/512GB) - Hàng chính hãng,Samsung,,Android,,,,,,,,,33000000
Điện Thoại Xiaomi Redmi Note 12S 8GB/256GB - Hàng Chính Hãng,Xiaomi,,Android,6.43 inch,,,,,MediaTek Helio G96,,,4919000
Điện thoại Samsung Galaxy A14  (4GB/128GB) - Hàng Chính Hãng - Đã kích hoạt bảo hành điện tử,Samsung,,Android,6.6 inch,,,4GB,128GB, Exynos 850 8 nhân Exynos 850 8 nhân, 2.2 GHz,,3672000
Điện thoại Realme 11 Pro (8GB/256GB) - Hàng chính hãng,Realme,,Android,6.7 inch,5000 mAh,16 MP,8 GB,256GB,MediaTek Dimensity 7050 5G 8 nhân,2.6 GHz,Mali-G68,8450000
Điện Thoại Tecno Spark 6 Go 4GB/64GB - Hàng Chính Hãng,Tecno,,Android,6.52 inch,,,,,MediaTek Helo A25,4 nhân 1.8 GHz,,2057000
Điện thoại Samsung Galaxy A05 (4GB/128GB) - Hàng chính hãng ,Samsung,,Android,,,,,,,,,2743000
Điện thoại Samsung Galaxy A54 5G (8GB/256gb) - Hàng chính hãng,Samsung,,Android,,,,,,,,,10790000
"Điện thoại OPPO Reno9 A ( 8GB/128GB) Snapdragon 695 5G, Kháng nước IP68 Màn hình AMOLED 90 Hz - Hàng nhập khẩu -Bản quốc tế",OPPO,,Android,6.74 inch,4500 mah,,8GB,128GB,Snapdragon 695 5G,,,4999000
"Điện thoại smartphone Sugar A100, music smartphone - Hàng chính hãng",Sugar,,Android,3.5 inch,,,,,MTK 6739,1.2Ghz,,799000
Điện Thoại Samsung Galaxy S23 Ultra 5G (12GB/512GB) - Hàng Chính Hãng,Samsung,,Android,6.8 inch,5000 mAh,,12GB,512GB, Snapdragon 8 Gen 2 8 nhân," 1 nhân 3.36 GHz, 4 nhân 2.8 GHz &amp; 3 nhân 2 GHz", Adreno 740,25950000
Điện thoại Nokia C21 Plus (2G/32G) - Pin lâu - Hàng chính hãng - Giá rẻ,Nokia,,Android,,,,,,,,,1791000
Điện thoại Xiaomi POCO C65 (6GB/128GB) - Helio G85 - Màn 90HZ - Hàng chính hãng,Xiaomi,,Android,,5000 mah,,6GB,128GB,Helio G85,,,2990000
"Điện thoại OPPO A58 6GB/128GB , Sạc nhanh 33W - Hàng Chính Hãng",OPPO,,Android,,5000 mah,,6GB,128GB,MediaTek Helio G85,,,4106000
Điện Thoại Xiaomi Redmi 13C 6GB/128GB - Hàng Chính Hãng,Xiaomi,,Android,6.74 inch,5000 mAh,,,,MediaTek Helio G85 8 nhân,2 nhân 2.0 GHz &amp; 6 nhân 1.8 GHz,,2907000
Điện Thoại Masstel Hapi 30 3GB/32GB - Hàng Chính Hãng,Masstel,,Android,6.26 inch,3000 mAh,,3GB,32GB,Spreadtrum SC9863A,GE8322  550MHz,,998000
Điện thoại TCL 408 (4GB/64GB) - Hàng Chính Hãng,TCL,,Android,6.6 inch,5000 mAh,,4GB,64GB,Helio G25 Mighty Hyper Engine,CPU lõi tám mạnh mẽ,MG GE8320,2099000
Điện Thoại Samsung Galaxy S20 FE 256GB | 8GB - Hàng Chính Hãng ,Samsung,,Android,6.5 inch,,,8GB,256 GB,Snapdragon 865,"1 nhân 2.84 GHz, 3 nhân 2.42 GHz &amp; 4 nhân 1.8 GHz",Adreno 650,8625000
Điện thoại Xiaomi POCO C40 (4 GB/64 GB) - Hàng chính hãng,Xiaomi,,Android,, 6000 mAh,,4 GB, 64 GB,JLQ JR510 8 nhân,"4 nhân 2.0 GHz , 4 nhân 1.5 GHz",Mali-G52,3240000
Điện Thoại Sony XPERIA 10 MARK V  | ROM 128GB - Pin khủng 5000mAh - Hệ điều hành Snapdragon 695 - Màn hình OLED | HÀNG CHÍNH HÃNG,Sony,,Android,6.1 inch,5000 mAh,,128,6,,,,12490000
Điện thoại Samsung Galaxy M14 5G (4GB/128GB) - Hàng chính hãng,Samsung,,Android,6.6 inch,6000 mah,,4GB,128GB,Exynos 1330,,,3616000
Điện thoại Samsung Galaxy A23 5G 4GB/128GB Đen - Hàng chính hãng,Samsung,,Android,6.6 inch,,,,,Snapdragon 695 5G 8 nhân,,,4160000
"Điện thoại OUKITEL WP18 (Chống nước ,chống va đập, pin khủng 12500mAh, Ram 4GB ,Rom 32GB ,màn hình 5.93 inch,Điện thoại chắc chắn) – HÀNG CHÍNH HÃNG",Oukitel,,Android,,,,,,,,,3990000
"Điện thoại Xiaomi Redmi 12 (4GB/128GB) , Helio G88 , Màn 90HZ - Hàng chính hãng",Xiaomi,,Android,,5000 mah,,4GB,128GB,MediaTek Helio G88 8 nhân,,,3590000
Điện thoại Vivo Y36 (8GB/128GB) - Hàng Chính Hãng - Camera 50MP - Sạc Nhanh 44W,Vivo,,Android,,,,,,,,,5290000
Điện thoại Samsung Galaxy S23 Plus 5G (8GB/256GB) - Hàng chính hãng,Samsung,,Android,,,,,,,,,18000000
"Điện thoại Oukitel WP5 Pro (Ram4GB,Rom 64Gb,pin 8.000mAh ,chống va đập,chống nước) - hàng chính hãng",Oukitel,,Android,,,,,,,,,3990000
"Điện thoại Xiaomi Redmi Note 12 (4GB/128GB) Màn AMOLED 120HZ, Snapdragon 685 , Sạc 33W - Hàng chính hãng",Xiaomi,,Android,6.67 inch,5000mah,,4GB,128Gb,Snapdragon 685 8 nhân,,,3659000
Điện thoại Samsung Galaxy S23 Ultra 5G (8GB/256GB) - Hàng chính hãng ,Samsung,,Android,,,,,,,,,27000000
Điện thoại Tecno Spark Go 2023 4GB/64GB - Hàng chính hãng ,Tecno,,Android,,5000mah,,4GB,64GB,Mediatek MT6761 Helio A22 (12 nm),,,2199000
Điện thoại Realme C30s (2GB/32GB) - Hàng chính hãng,Realme,,Android,6.5 inch,,,,, Unisoc SC9863A1 8 nhân,,,1750000
Điện Thoại Samsung Galaxy A04 (3GB/32GB) - Hàng Chính Hãng - Đã kích hoạt bảo hành điện tử,Samsung,,Android,6.5 inch,,,,, MediaTek Helio P35 8 nhân, 4 nhân 2.3 GHz &amp; 4 nhân 1.8 GHz, IMG PowerVR GE8320,2150000
"Điện thoại oukitel wp23 ( chống nước,chống va đập,pin 10600mAh,Ram 4Gb.Rom 64Gb,màn hình 6.52 inch,mạng 2,3,4G,Android 13 )-hàng chính hãng",Oukitel,,Android,,,,,,,,,3990000
Điện thoại Samsung Galaxy A05s (4GB/128GB) - Đã kích hoạt bảo hành điện tử - Hàng chính hãng,Samsung,,Android,,"	5000 mAh",13 MP,4GB,128GB,"	Snapdragon 680 8 nhân",4 nhân 2.4 GHz &amp; 4 nhân 1.9 GHz,"	Adreno 610",3120000
Điện thoại Samsung Galaxy S23 Ultra 5G (12GB/1TB) - Hàng chính hãng ,Samsung,,Android,,,,,,,,,42000000
Điện thoại chắc chắn Ulefone Power Armor 18T Ultra (chụp ảnh nhiệt Camera FLIR5G 512GB ROM +24GB RAM)- hàng chính hãng,Ulefone,,Android,,,,,,,,,15990000
Điện Thoại TCL 408 (4GB/128GB) - Hàng Chính Hãng,TCL,,Android,6.6 inch,5000 mAh,,4GB,128GB,Helio G25 Mighty Hyper Engine,CPU lõi tám mạnh mẽ,MG GE8320,2267000
Điện Thoại Samsung Galaxy Z Fold5 5G  - Hàng Chính Hãng - Đã kích hoạt bảo hành điện tử,Samsung,,Android,7.6 inch,4400,,,,Snapdragon 8 Gen 2 for Galaxy,"1 nhân 3.36 GHz, 4 nhân 2.8 GHz &amp; 3 nhân 2 GHz",Adreno 740,34590000
Điện Thoại Xiaomi Redmi 9C 3GB/64GB - Hàng Chính Hãng,Xiaomi,,Android,6.53 inch,,,3GB,64GB,MediaTek Helio G35 8 nhân,4 nhân 2.3 GHz & 4 nhân 1.8 GHz,,2508000
Điện thoại Samsung Galaxy A04 (3GB/32GB) - Hàng chính hãng,Samsung,,Android,,,,,,,,,2400000
Điện thoại Itel A26 (2G/32g) - Hàng Chính Hãng,Itel,,Android,5.7 inch,,,,,Spreadtrum SC9832E; Quad-core ARM CortexTM A53 ,1.4GHz,,1490000
Điện thoại OPPO Reno8 T 4G (8GB/256GB) - Hàng Chính Hãng,OPPO,,Android,6.4 inch,5000 mAh,,8GB,256GB, MediaTek Helio G99 8 nhân, 2.2 GHz,,8136000
Điện Thoại Xiaomi Redmi Note 12 Pro 5G 8GB/256GB - Hàng Chính Hãng,Xiaomi,,Android,6.67 inch,,,,,MediaTek Dimensity 1080 8 nhân,,,9000000
Điện Thoại Xiaomi Redmi Note 12 8GB/128GB - Hàng Chính Hãng,Xiaomi,,Android,6.67 inch, 5000 mAh,,,,Snapdragon 685 8 nhân,2.8 GHz,Adreno 610,4438000
Điện thoại Gaming Tecno POVA 4 PRO 8GB/256GB - MTK G99| 6000 mAh | Sạc nhanh 45W - Hàng Chính Hãng,Tecno,,Android,,6000mAh,,8GB,256GB,Media Tek Helio G99,,,4999000
Điện Thoại Oppo A54 4GB/128GB - Hàng Chính Hãng,OPPO,,Android,6.5 inch,,,4GB,128GB,MediaTek Helio P35 8 nhân,4 nhân 2.35 GHz & 4 nhân 1.8 GHz,IMG PowerVR GE8320,3912000
Điện thoại Itel A26 (2GB/32GB) - Bảo hành 12 tháng - Hàng chính hãng ,OEM,,Android,,,,,,,,,1077000
Điện Thoại Samsung Galaxy A14 (6GB/128GB) - Hàng Chính Hãng,Samsung,,Android,,5000 MAH,,6GB,128GB,Exynos 850,,,3910000
Điện thoại Xiaomi Redmi Note 12 (8GB/128GB) - Hàng chính hãng,Xiaomi,,Android,,,,,,,,,4629000
Điện thoại Gaming Tecno POVA 4 8GB/128GB - Hàng Chính Hãng - MediaTek G99 | 6000mAh - 6.82 inch - Bảo hành 13 Tháng,Tecno,,Android,,6000mAh,,,,Helio G99,,,3599000
Điện thoại Realme C55 (8GB/256GB) - Hàng chính hãng ,Realme,,Android,,5000 MAh,8 MP,,,Helio G88,"Lõi tám nhân, 12nm, A75 2.0GHz, A55 1.8GHz",,4290000
Điện thoại Xiaomi Redmi 10 5G (4GB/64GB) - Hàng chính hãng ,Xiaomi,,Android,,,,4GB,64GB,,,,2939000
Điện Thoại Oppo A58 6GB/128GB - Hàng Chính Hãng,OPPO,,Android,6.7 inch,5000 mAh,,,,MediaTek Helio G85 8 nhân,,,4219000
Điện thoại Samsung Galaxy S23 Ultra 5G 8GB/256GB - Hàng chính hãng - ĐÃ KÍCH HOẠT BẢO HÀNH ĐIỆN TỬ,Samsung,,Android,6.8 inch,5000 mAh,,8GB,256GB, Snapdragon 8 Gen 2 8 nhân,"1 nhân 3.36 GHz, 4 nhân 2.8 GHz &amp; 3 nhân 2 GHz",,27000000
Điện thoại Samsung Galaxy S23 5G 8GB/128GB - Hàng chính hãng - ĐÃ KÍCH HOẠT BẢO HÀNH ĐIỆN TỬ,Samsung,,Android,6.1 inch,39000 mAh,,8 GB,128 GB, Snapdragon 8 Gen 2 8 nhân," 1 nhân 3.36 GHz, 4 nhân 2.8 GHz &amp; 3 nhân 2 GHz",,15400000
Điện Thoại Samsung Galaxy Z Flip4 (8GB/256GB) - Hàng Chính Hãng - Đã kích hoạt bảo hành điện tử,Samsung,,Android,6.7 inch,,,8GB,256GB,Snapdragon 8+ Gen 1 8 nhân,"1 nhân 3.18 GHz, 3 nhân 2.7 GHz &amp; 4 nhân 2 GHz",,12730000
Điện Thoại Oppo Reno 8T 5G (8GB/256GB) - Hàng Chính Hãng ,OPPO,,Android,,,,,,,,,8000000
"Điện thoại Xiaomi Redmi 13C (6+128GB) | 6.74"" 90Hz| Media Tek Helio G85| 5000mAh - Hàng chính hãng",Xiaomi,,Android,,5000 mah ,,6GB,128GB,Helio G85,,,3028000
Điện thoại Xiaomi Redmi 13C (6GB/128GB) - Hàng chính hãng - Bảo hành 18 tháng,Xiaomi,,Android,6.74 inch,5000 mah,,6GB,128GB,MediaTek Helio G85 8 nhân,,,3028000
Điện thoại Samsung Galaxy S22 Plus 5G (8GB/128GB) - Hàng chính hãng,Samsung,,Android,6.6 inch,,10 MP,8GB,128GB,"	Snapdragon 8 Gen 1 8 nhân",,Adreno 730,19980000
Điện thoại Xiaomi 13 Lite (8GB/256GB) - Hàng chính hãng,Xiaomi,,Android,6.55 inch,,,,,Snapdragon 7 Gen 1 8 nhân,"1 nhân 2.4 GHz, 3 nhân 2.36 GHz và 4 nhân 1.8 GHz",,10689000
Điện thoại Tecno CAMON 20 8GB/256GB - Camera 64MP + 32MP | 5000 mAh | Sạc nhanh 33W | 6.7'' FHD AMOLED - BH 13 Tháng - Hàng Chính Hãng,Tecno,,Android,,,,,,G99,,,4630000
Điện thoại Xiaomi Redmi 12 (4GB-128GB) - Hàng Chính Hãng,Xiaomi,,Android,6.78 inch,5000 mAh,,4GB,128GB,Mali-G52,2.0 GHz,Mali-G52,3890000
Điện Thoại Oppo A18 (4GB/128GB) - Hàng Chính Hãng,OPPO,,Android,, 5000 mAh, 5 MP,4GB,128GB,MediaTek Helio G85 8 nhân,2 nhân 2.0 GHz &amp; 6 nhân 1.8 GHz, Mali-G52 MP2,3590000
"Điện thoại oukitel  wp21 (Ram 12Gb,Rom 256Gb ,chống sốc,chống nước,pin khủng, pin 9.800mAh) - hàng chính hãng",Oukitel,,Android,,,,,,,,,10990000
Điện Thoại Oppo A57 4GB/64GB - Hàng Chính Hãng,OPPO,,Android,6.56 inch,,,,,MediaTek Helio G35 8 nhân,2.3 GHz,,4284000
Điện Thoại Samsung Galaxy M14 5G - Hàng Chính Hãng,Samsung,,Android,,,,,,,,,4212000
Điện Thoại Samsung Galaxy A24 (8GB/128GB) - Hàng Chính Hãng,Samsung,,Android,,,,,,,,,6084000
Điện Thoại Xiaomi Redmi Note 11 Pro 8GB/128GB - Hàng Chính Hãng,Xiaomi,,Android,6.67 inch,,,8GB,128GB,MediaTek Helio G96 8 nhân, 2 nhân 2.05 GHz & 6 nhân 2.0 GHz,,7032000
Điện thoại Xiaomi Redmi 10 5G (4GB/64GB) - MediaTek Dimensity 700 - Hàng chính hãng,Xiaomi,,Android,6.59 inch,5000mah,,4GB,64GB,MediaTek Dimensity 700; 2.2Ghz; ARM Mali-G57 MC2,,,2939000
Điện Thoại Xiaomi Redmi A1 2GB/32GB - Hàng Chính Hãng,Xiaomi,,Android,6.52 inch,5000 mAh,,,,MediaTek MT6761 4 nhân (Helio A22),,,1747000
Điện thoại Samsung S22 Plus 8GB/128GB Đen - Hàng Chính Hãng,Samsung,,Android,6.6 inch, 4500 mAh,,8GB,128GB,Snapdragon 8 Gen 1 8 nhân,,,15990000
Điện thoại Xiaomi 13T 12GB-256GB - Hàng Chính Hãng,Xiaomi,,Android,6.67 inch,5000mAh,,12GB,,MediaTek Dimensity 8200-Ultra,"1 nhân 3.1 GHz, 3 nhân 3 GHz &amp; 4 nhân 2 GHz",Mali-G610,12990000
Điện thoại Samsung Galaxy A05 (4GB/128GB) - Hàng chính hãng,Samsung,,Android,,,,,,,,,2939000
Điện Thoại Samsung Galaxy A54 5G - Hàng Chính Hãng,Samsung,,Android,,,,,,,,,9120000
Điện thoại XIAOMI POCO C40 (4GB/64GB) - Hàng chính hãng,Xiaomi,,Android,6.7 inch,6000 mah,,4GB,64GB,JLQ JR510,,,3240000
Điện Thoại Oppo A96 (8GB/128G) - Hàng Chính Hãng,OPPO,,Android,,,16MP,8 GB,,,,,6348000
Điện Thoại Samsung Galaxy S20 FE 8GB/256GB - Hàng Chính Hãng - Đã Kích Hoạt Bảo Hành Điện Tử,Samsung,,Android,6.5 inch,4500 mAh,,8 GB,256 GB, Snapdragon 865 8 nhân,"1 nhân 2.84 GHz, 3 nhân 2.42 GHz &amp; 4 nhân 1.8 GHz",,8625000
Điện thoại Xiaomi Redmi 13C (4GB/128GB) - Hàng chính hãng - Bảo hành 18 tháng,Xiaomi,,Android,6.74 inch,5000 mah,,4GB,128GB,MediaTek Helio G85 8 nhân,,,2799000
Điện Thoại Xiaomi Redmi Note 11 Pro 5G 8GB/128GB - Hàng Chính Hãng,Xiaomi,,Android,6.67 inch,,,8GB,128GB,Snapdragon 695 5G 8 nhân,2 nhân 2.2 GHz & 6 nhân 1.8 GHz,,6769000
Điện thoại Samsung Galaxy A23 4GB/128G - Hàng Chính Hãng - Đã kích hoạt bảo hành điện tử,Samsung,,Android,,,,,,,,,4274050
Điện Thoại Xiaomi Redmi Note 12 (8GB/128GB) - Hàng Chính Hãng,Xiaomi,,Android,6.67 inch,5000 mAh,,8GB,128GB,Adreno 610,2.8 GHz,Adreno 610,5491000
Điện thoại Masstel Hapi 30 (3GB/32GB) - Hàng chính hãng,Masstel,,Android,6.26 inch,3000 mah,,3GB,32GB,Chip Speadtrum SC9863A 8 Nhân 1.6GHz,,,1175000
Điện Thoại Samsung A04e 3GB/32GB - Hàng Chính Hãng,Samsung,,Android,6.5 inch,5000mAh,,32GB,3GB,Mediatek Helio P35 ,,,2092000
"Điện thoại Nubia Redmagic 6S Pro - (12+128GB/16+256GB) | Hỗ trợ Tiếng Việt | Snapdragon 888 | Màn hình AMOLED 6.8"" |Pin 5050 mAh | Sạc nhanh 66W - Chơi Game cực đỉnh - Hàng Chính Hãng",Nubia,,Android,,,,,,Snapdragon 888,2840 mAh,,17990000
Điện Thoại Samsung Galaxy A24 (6GB/128GB) - Hàng Chính Hãng,Samsung,,Android,,5000mAh,,8 GB,128 GB,,"2.2GHz, 2GHz",,5800000
Bút Spen Samsung S22 Ultra - Hàng Chính Hãng ,Samsung,,Android,,,,,,,,,1090000
"Điện thoại itel Vision 2 3GB/64GB l Pin 4000mAh l Màn hình 6.6"" - Camera 13MP - Hàng chính hãng giá rẻ",Itel,,Android,,4000mAh,,3GB,64GB,,,,1946500
Điện thoại Samsung Galaxy A23 5G 4GB/128GB Xanh - Hàng chính hãng,Samsung,,Android,6.6 inch,,,,,Snapdragon 695 5G 8 nhân,,,4160000
Điện Thoại Samsung M14 5G 6GB/128GB - Hàng Chính Hãng,Samsung,,Android,6.6 inch,6000mAh,,128GB,6GB,Exynos 1330,,,5292000
Điện thoại OnePlus 10T 5G - Hàng Chính Hãng,OnePlus ,,Android,6.7 inch,4800mAh,,8GB,128GB,Qualcomm Snapdragon 8+ Gen 1 5G,3.19GHz,Adreno 730,15990000
Điện thoại Samsung Galaxy A04 (3G+32G) SM-A045F Đen - Hàng Chính Hãng (chỉ giao HN và một số khu vực),Samsung,,Android,,,,,,,,,2400000
Điện thoại Tecno SPARK 10 Pro 8GB/128GB - Camera 50MP | 5000 mAh | Sạc nhanh 18W | Cảm ứng vân tay | Hàng Chính Hãng,Tecno,,Android,6.8 inch,,,,,HELIO G88,,,3990000
"Điện thoại Oukitel WP19(chống sốc ,chống nước ,Pin 21000mAh ,Ram 8G ,Rom 256G ,Tầm nhìn ban đêm 64MP ,  Máy ảnh 90Hz ,Điện thoại Helio G95 )-hàng chính hãng",Oukitel,,Android,6.78 inch,21000,,8GB,256GB,Mediatek MT6761 Helio A22 (12 nm),,,9790000
Điện thoại Tecno POVA 5 (8+8)/256GB - MediaTek G99 - Sạc nhanh 45W | Tần số quét 120HZ - Hàng Chính Hãng,Tecno,,Android,6.8 inch,,,8GB,256GB,HELIO G99,,,4690000
Điện thoại Samsung Galaxy S23 Ultra 8GB/256GB Đen - Hàng chính hãng,Samsung,,Android,,,,,,Snapdragon 8 Gen 2 Mobile Platform,Octa-core (8 nhân),,23950000
Điện Thoại Xiaomi Redmi 10C 4GB/128GB - Hàng Chính Hãng,Xiaomi,,Android,,,,4GB,128GB,Snapdragon 680 8 nhân,,Adreno 610,3008000
Điện thoại Xiaomi Redmi 10A (2GB/32GB) - Hàng chính hãng,Xiaomi,,Android,6.53 inch,,,,,MediaTek Helio G25 8 nhân,4 nhân 2.0 GHz &amp; 4 nhân 1.5 GHz,,2019000
Điện thoại Realme C55 6GB/128GB Vàng nắng mai - Hàng chính hãng,Realme,,Android,,,,,,MediaTek Helio G88,"Lõi tám nhân, 12nm, lên đến 2.0GHz",,3850000
Điện thoại Samsung Galaxy Z Fold4 5G (12GB/512GB) - Hàng chính hãng,Samsung,,Android,,,,,,Snapdragon 8+ Gen 1 8 nhân,"1 nhân 3.18 GHz, 3 nhân 2.7 GHz &amp; 4 nhân 2 GHz",,42000000
Điện Thoại Xiaomi Redmi 12C 4GB/64GB - Hàng Chính Hãng,Xiaomi,,Android,,5000mah,,4GB,64GB,Mediatek MT6769Z Helio G85 (12nm),,,2399000
Điện thoại Samsung Galaxy S23 Ultra 12GB/512GB Xanh lục - Hàng chính hãng,Samsung,,Android,,,,,,Snapdragon 8 Gen 2 Mobile Platform,Octa-core (8 nhân),,34000000
Điện Thoại Samsung Galaxy Z Fold 4 - Hàng Chính Hãng,Samsung,,Android,,,,,,Snapdragon 8+ Gen 1 8 nhân,"1 nhân 3.18 GHz, 3 nhân 2.7 GHz &amp; 4 nhân 2 GHz",,38531000
Điện Thoại Xiaomi Redmi 10C - Hàng chính hãng,Xiaomi,,Android,,,,4GB,128GB,,2.4,,3468000
Điện thoại Tecno CAMON 20 Premier 5G - 8GB/512GB | Dimensity 8050| Cụm Camera 108+50+ 2MP | AMOLED - Tần số quét 120Hz - Hàng chính hãng,Tecno,,Android,,,,,,Dimensity 8050,,,11300000
"Ulefone Armor X 5 ( chống nước,chống va đập,pin 5.000mAh ) hàng chính hãng",Ulefone,,Android,,5000 mAh,,,,,,,3490000
"Điện thoại chắc chắn Ulefone Armor X12 Pro(Ram 4GB, Rom 64GB, chống nước,chống va đập,IP68/IP69K, Android 13,CPU  MediaTek Helio G36 Octa Core,MÀN HÌNH  5,45 inch, Mạng: 4G, NFC)-hàng chính hãng",Ulefone,,Android,,,,,,,,,3490000
Điện thoại Samsung Galaxy S22 Plus 5G (8GB/256GB) - Hàng chính hãng,Samsung,,Android,6.6 inch,,10 MP,8GB,256GB,Snapdragon 8 Gen 1 8 nhân,,Adreno 730,21480000
"Điện thoại Oukitel WP6 (Chống va đập,chống nước,Ram 6Gb,Rom 128Gb,pin 10.000mAh) - Hàng chính hãng",Oukitel,,Android,,,,,,,,,6990000
Điện thoại Samsung Galaxy A05s (4GB/128GB) - Hàng chính hãng,Samsung,,Android,,,,,,,,,3599000
Điện thoại OPPO Reno8 T 5G (8GB/128GB) - Hàng Chính Hãng,OPPO,,Android,6.7 inch,4800,,8GB,128GB,Snapdragon 695 5G 8 nhân,2.2 GHz,Snapdragon 695 5G 8 nhân,7700000
"Điện Thoại Samsung A05s 4GB/128GB , Snapdragon 680 , Sạc nhanh 25W - Hàng Chính Hãng",Samsung,,Android,6.7 inch,5000 mah,,4GB,128GB,Snapdragon 680,,,3550000
Điện thoại Samsung Galaxy A04 (3GB / 32GB) - Hàng chính hãng - Mới 100% Nguyên Seal - Pin Khủng 5000 mAh - Bảo Hành 12 Tháng,Samsung,,Android,,,,,,,,,2400000
"Điện thoại siêu bền Oukitel K16(mini,Vỏ lưng bằng da,Ram 8Gb,Rom 128Gb,camera 48MP,pin 3.050mAh)- hàng chính hãng",Oukitel,,Android,,,,,,"•	CPU  MTK 8788",,,4990000
Điện thoại Samsung Galaxy S23 Plus 8GB/256GB Tím - Hàng chính hãng,Samsung,,Android,,,,,,Snapdragon 8 Gen 2 Mobile Platform,Octa-core (8 nhân),,18000000
Điện thoại Xiaomi 12 Pro (12GB/256GB) - Hàng chính hãng,Xiaomi,,Android,6.7 inch,,,,,," 1 nhân 3 GHz, 3 nhân 2.5 GHz &amp; 4 nhân 1.79 GHz",,18900000
Điện Thoại Oppo Reno 8T 5G (8GB/256GB) - Hàng Chính Hãng,OPPO,,Android,,,,,,,,,8000000
Điện Thoại Samsung Galaxy M14 5G (6GB/128GB) - Hàng Chính Hãng,Samsung,,Android,,,,,,,,,5292000
Điện thoại Samsung Galaxy Z Flip5 (8GB/512GB) - Hàng chính hãng,Samsung,,Android,,,,,,,,,20199000
Điện Thoại Samsung Galaxy A34 5G - Hàng Chính Hãng,Samsung,,Android,,,,,,,,,7164000
Điện thoại OPPO A96 (8GB/128GB) - Hàng chính hãng,OPPO,,Android,,,,,,,,,6348000
"Điện thoại chắc chắn Ulefone Armor X13, (Ram 12GB(6Gb+6Gb),Rom 64GB,chống nước,chống va đập IP68/IP69K, Android 13,CPU MediaTek Helio G36 Octa Core,Màn hình 6,52 inch, Mạng: 4G, NFC,OTG)-hàng chính hãng",Ulefone,,Android,,,,,,,,,3990000
"Điện thoại Xiaomi Redmi 12 (8GB/128GB) , Helio G88 , Màn 90HZ - Hàng chính hãng",Xiaomi,,Android,,5000 mah,,8GB,128GB,MediaTek Helio G88 8 nhân,,,4090000
Điện Thoại Xiaomi Redmi Note 10 (4GB/64GB) - Hàng Chính Hãng,Xiaomi,,Android,6.43 inch,5000 mAh,13 MP,4GB,64GB,Snapdragon 678 8 nhân,2 nhân 2.2 GHz & 6 nhân 1.7 GHz,Adreno 612,3552000
Điện Thoại Samsung Galaxy M14 5G (4GB/64GB) - Hàng Chính Hãng,Samsung,,Android,,,,,,,,,6000000
Điện Thoại Oppo Reno8 Z 5G (8GB/256GB) - Hàng Chính Hãng,OPPO,,Android,,,,,,,,,8644000
Điện thoại di động Samsung M14 5G - Hàng chính hãng - Đã kích hoạt BH điện tử,Samsung,,Android,,5000 mAh,,4G/6G,64G/128G,Exynos 1330,Octa core 2.4 GHz, Mali-G57 MC2,4491000
Điện Thoại Samsung Galaxy M14 5G (4GB/128GB) - Hàng Chính Hãng,Samsung,,Android,,,,,,,,,4212000
Điện thoại OPPO CPH2387 - A57 Xanh - Hàng Chính Hãng,OPPO,,Android,,,,,,,,,4361000
Điện Thoại Oppo A76 (6GB/128G) - Hàng Chính Hãng,OPPO,,Android,6.56 inch,5000 mAh,8 MP,6 GB,128 GB,Snapdragon 680 8 nhân,,,5436000
Điện Thoại Oppo A76 6GB/128GB - Hàng Chính Hãng,OPPO,,Android,6.56 inch,,,,,Snapdragon 680,tối đa 2.4GHz,,5436000
Điện Thoại Oppo A57 4GB/128GB - Hàng Chính Hãng,OPPO,,Android,,5000 mAh,,128GB,4GB,MediaTek Helio G35,,,3553000
Điện thoại OPPO A77s - Hàng chính hãng,OPPO,,Android,6.56 inch,5000 mAh,,8GB,128GB,Snapdragon 680 4G,2.4 GHz,,6216000
Điện thoại Samsung Galaxy S23 Ultra 512GB - Hàng chính hãng,Samsung,,Android,6.8 inch,,,,,Snapdragon 8 Gen 2 (4 nm),Adreno 740,,36990000
Điện thoại Samsung Galaxy A24 (6GB/128GB) - Hàng chính hãng - ĐÃ KÍCH HOẠT BẢO HÀNH ĐIỆN TỬ,Samsung,,Android,6.5 inch,5000 mAh,,6GB,128GB,MediaTek Helio G99 8 nhân, 2.2 GHz,Mali-G57,6084000
Điện thoại Xiaomi Redmi 10 (4GB/64GB) - Hàng chính hãng - Đã kích hoạt bảo hành điện tử,Xiaomi,,Android,6.5 inch,,,,,MediaTek Helio G88 8 nhân,2 nhân 2.0 GHz & 6 nhân 1.8 GHz,,3552000
Điện thoại Oppo Reno8 Z 5G (8GB/256GB) - Hàng chính hãng,OPPO,,Android,6.43 inch,,,,,Snapdragon 695 5G 8 nhân,8 nhân 2.2 GHz,,8644000
Điện thoại OPPO Reno8 Z 5G (8 GB/256 GB) - Hàng chính hãng,OPPO,,Android,,4500 mAh,,8 GB,256 GB,Snapdragon 695 5G 8 nhân,2.2 GHz,Adreno 619,8644000
"Điện thoại ulefone note 16 pro (Ram 16Gb(8+8),rom 128Gb,android 13 , camera 50MP,pin 4.400mAhm, Mở khóa vân tay, Mở khóa bằng khuôn mặt )-hàng chính hãng",Ulefone,,Android,,,,,,,,,5990000
"Điện thoại OUKITEL WP16 (pin 10.600mAh,  Ram 8Gb,Rom 128Gb, màn hình 6,39 in , Android 11, Máy ảnh nhìn ban đêm 20MP, chống nước IP68,chống va đập, hai SIM 4G, NFC..) – hàng chính hãng",Oukitel,,Android,6.39 inch,,,,,,,,5990000
"Điện thoại Xiaomi Redmi A2| IPS LCD 6.52"" HD+| MediaTek Helio G36| 5000 mAh - Hàng chính hãng",Xiaomi,,Android,6.52 inch,5000mAh,,2GB,32GB,MediaTek Helio G36, 2.2 GHz,,2190000
Điện Thoại OPPO RENO8 Z 5G (8GB/256GB) - Hàng Chính Hãng,OPPO,,Android,6.4 inch,4500mah,,8GB,256GB,Qualcomm Snapdragon 695 5G,tối đa 2.2GHz,Adreno 619,8644000
Điện Thoại OPPO A96 (8GB/128GB) - Hàng Chính Hãng,OPPO,,Android,6.59 inch,,,,,Snapdragon 680 8 nhân, 2.4 GHz,,6348000
Điện Thoại Xiaomi Redmi 12C - Hàng Chính Hãng,Xiaomi,,Android,6.7 inch,5000mAh,,4Gb,,MediaTek Helio G85 8 nhân,2 nhân 2.0 GHz &amp; 6 nhân 1.8 GHz,Mali-G52 MC2,3090000
Điện thoại Samsung Galaxy S23 Ultra (8GB/256GB) - Hàng chính hãng,Samsung,,Android,6.8 inch,,,,,Snapdragon 8 Gen 2 8 nhân,"1 nhân 3.36 GHz, 4 nhân 2.8 GHz và 3 nhân 2 GHz",,30000000
Điện thoại Vivo Y02s (3GB/32GB) - Hàng Chính Hãng,Vivo,,Android,,,,,,MediaTek Helio P35,,,2799000
"Điện thoại smartphone Masstel Hapi 15 (2GB/16GB) - 2 Sim, Tặng kèm ốp lưng - Hàng chính hãng - Bảo hành chính hãng",Masstel,,Android,,,,,,Spreadtrum SC9832E – 4 nhân 1.4GHz,,,1499000
Điện Thoại Di Động Samsung Galaxy A33 (5G) 6GB | 128GB - Hàng Chính Hãng,Samsung,,Android,6.4 inch,,,,,,,,7000000
"Điện thoại Bphone A60 (Ram 6Gb,Rom 128 Gb,màn hình đục lổ FHD 6.7inch , pin 5.000mAh ) - Hàng chính hãng",Bphone,,Android,6.67 inch,,,6,128,Mediatek Helio G85,,,6490000
Điện thoại Xiaomi Redmi Note 12 Pro 5G (8GB/256GB) - Hàng chính hãng,Xiaomi,,Android,6.67 inch,,,,,MediaTek Dimensity 1080 8 nhân,2.6 GHz,,8499000
Điện thoại Samsung A33 5G 6GB/128GB Trắng - Hàng Chính Hãng,Samsung,,Android,6.4 inch,,,6gb,128gb,Exynos 1280 8 nhân, 2 nhân 2.4 GHz &amp; 6 nhân 2 GHz,,7000000
Điện thoại Xiaomi Redmi Note 12 (4GB/128GB) - Hàng chính hãng,Xiaomi,,Android,6.67 inch,,,,,Snapdragon 685 8 nhân,2.8 GHz,,3879000
Điện Thoại Samsung Galaxy A54 5G (8GB/256GB) - Hàng Chính Hãng - Đã kích hoạt bảo hành điện tử,Samsung,,Android,6.4 inch,,,,,Exynos 1380 8 nhân, 4 nhân 2.4 GHz &amp; 4 nhân 2 GHz,,10790000
Điện thoại Samsung Galaxy A03s (3GB/32GB) - Hàng chính hãng,Samsung,,Android,6.5 inch,,,,,MediaTek MT6765 8 nhân,4 nhân 2.3 GHz &amp; 4 nhân 1.8 GHz,,2990000
Điện thoại Xiaomi Redmi 10 5G - Hàng chính hãng,Xiaomi,,Android,,5000mAh,,,,MediaTek Dimensity 700; 2.2Ghz,,,3552000
Điện thoại Samsung Galaxy Z Fold 4 5G 256GB Kem - Hàng chính hãng,Samsung,,Android,,,,,,,,,38000000
"Điện thoại Oukitel WP2 chống nước,chống va đập, pin 10.000 mAh - Hàng chính hãng",Oukitel,,Android,,,,,,,,,5490000
Điện Thoại Realme C51 3GB/64GB - Hàng Chính Hãng,Realme,,Android,6.74 inch,,,3GB,64GB,Unisoc T612,,,2799000
Điện Thoại Samsung Galaxy Z Fold 4 (12GB/256GB) - ĐÃ KÍCH HOẠT ĐIỆN TỬ - Hàng Chính Hãng,Samsung,,Android,,4400,,12GB,256GB,8 nhân,"3.18GHz, 2.7GHz, 2GHz",,38000000
Điện thoại Samsung Galaxy S23 Plus 5G 8GB/256GB - Hàng chính hãng - ĐÃ KÍCH HOẠT BẢO HÀNH ĐIỆN TỬ,Samsung,,Android,6.6 inch,4700 mAh,,8 GB,256 GB, Snapdragon 8 Gen 2 8 nhân," 1 nhân 3.36 GHz, 4 nhân 2.8 GHz &amp; 3 nhân 2 GHz",,18000000
Điện Thoại Realme C55 6GB/128GB - Hàng Chính Hãng,Realme,,Android,6.7 inch,5000 mAh,,128GB,6GB,MediaTek Helio G88,,,3782000
Điện Thoại Nokia C30 2GB/32GB - Hàng Chính Hãng,Nokia,,Android,6.8 inch,6000 mAh,,32GB,2GB,Spreadtrum SC9863A,,,1679000
Redmi Note 12 Cấu Hình Khủng- hàng chính hãng- Giá rẻ,Xiaomi,,Android,,,,,,,,,4490000
Điện thoại Samsung Galaxy Z Fold 4 (12GB/512GB) - Hàng chính hãng,Samsung,,Android,,,,,,,,,42000000
Điện Thoại Oppo Reno8 Z 5G 8GB/256GB - Hàng Chính Hãng,OPPO,,Android,6.43 inch,4500 mAh,,8GB,256GB,Snapdragon 695 5G 8 nhân,2.2 GHz,Adreno 619,8644000
Điện thoại Realme C11 2021 (4GB/64GB) - Hàng chính hãng,Realme,,Android,6.5 inch,,,,,Spreadtrum SC9863A 8 nhân,4 nhân 1.6 GHz & 4 nhân 1.2 GHz,,3790000
Điện Thoại Oppo A17k 3GB/64GB - Hàng Chính Hãng,OPPO,,Android,6.56 inch,,,,,MediaTek Helio G35,,,2582000
Điện thoại Oppo A17k (3GB/64GB) - Hàng chính hãng,OPPO,,Android,6.56 inch,,,,,MediaTek Helio G35 8 nhân,2.3 GHz,,3276000
Điện thoại vivo Y02T - Hàng chính hãng,Vivo,,Android,6.5 inch,5000 mAh,,4G,64G,MediaTek Helio P35 8 nhân , 4 nhân 2.3 GHz &amp; 4 nhân 1.8 GHz,IMG PowerVR GE8320,3125500
Điện thoại Xiaomi Redmi Note 12S (8GB/256GB) - Hàng Chính Hãng,Xiaomi,,Android,6.43 inch,5000 mAh,,8Gb,256Gb,MediaTek Helio G96 8 nhân,2 nhân 2.05 GHz &amp; 6 nhân 2.0 GHz,Mali-G57 MC2,6990000
Điện thoại Oppo Reno8 T (8GB/256GB) - Hàng chính hãng,OPPO,,Android,6.4 inch,,,,,MediaTek Helio G99 8 nhân,8 nhân 2.2 GHz,,10392000
Điện thoại Xiaomi Redmi 9A (2GB/32GB) - Hàng chính hãng,Xiaomi,,Android,,,,,,MediaTek Helio G25 (12 nm),8 nhân 2.0 GHz,,1799000
Điện thoại Samsung Galaxy S23 Ultra 1TB - Hàng chính hãng,Samsung,,Android,6.8 inch,,,,,Snapdragon 8 Gen 2 (4 nm),Adreno 740,,44990000
Điện Thoại Xiaomi Redmi A2 2GB/32GB - Hàng Chính Hãng,Xiaomi,,Android,6.52 inch,5000 mAh,,,,MediaTek Helio G36 8 nhân,, IMG PowerVR GE8320,1783000
Điện thoại Xiaomi Redmi 10C (4GB/128GB) - Hàng chính hãng,Xiaomi,,Android,6.7 inch,,,,,Snapdragon 680 8 nhân,4 nhân 2.4 GHz & 4 nhân 1.9 GHz,,3008000
Điện thoại Samsung Galaxy A14 LTE (4GB/128GB) - Hàng chính hãng,Samsung,,Android,6.6 inch,,,,,,,,3672000
Điện thoại Samsung Galaxy A04 (3GB/32GB) - Hàng chính hãng,Samsung,,Android,6.5 inch,,,,,MediaTek Helio P35 8 nhân,4 nhân 2.3 GHz và 4 nhân 1.8 GHz,,2400000
Điện thoại OPPO A96 (8GB/28GB) - Hàng chính hãng,OPPO,,Android,6.59 inch, 5000 mAh,, 8 GB,128 GB, Snapdragon 680 8 nhân, 2.4 GHz,Adreno 610,6348000
Điện Thoại Oppo Reno 8T 4G (8GB/256GB) - Hàng Chính Hãng,OPPO,,Android,,,,,,,,,8136000
Điện Thoại Samsung Galaxy A14 (6GB/128GB) - Hàng Chính Hãng,Samsung,,Android,,,,,,,,,4990000
Điện thoại Oppo A57 (4GB/128GB) - Hàng chính hãng,OPPO,,Android,6.56 inch,,,,,MediaTek Helio G35 8 nhân,2.3 GHz,,4632000
Điện thoại Xiaomi Redmi 13C (6GB/128GB) - Hàng chính hãng,Xiaomi,,Android,,,,,,,,,3189000
"Điện thoại ZTE Blade A52 4GB l 64GB, Pin 5000mAh, Màn hình 6.52"", Camera AI Triple - Hàng chính hãng",ZTE,,Android,6.52 inch,,,,,,,,3490000
Điện thoại Samsung Galaxy A14 5G A146P (4+128G) Đen - Hàng Chính Hãng (chỉ giao HN và một số khu vực),Samsung,,Android,,,,,,,,,5080000
Điện Thoại Xiaomi Redmi 10A 2GB/32GB - Hàng Chính Hãng,Xiaomi,,Android,6.53 inch,5000 mAh,,2GB,32GB,MediaTek Helio G25 8 nhân,4 nhân 2.0 GHz &amp; 4 nhân 1.5 GHz, IMG PowerVR GE8320,2556000
Điện thoại OPPO A55- Hàng chính hãng,OPPO,,Android,6.5 inch,5000mAh,,4GB,,Helio G35,2.3GHz,,3912000
Điện Thoại Xiaomi Redmi 10 4GB/64GB - Hàng Chính Hãng,Xiaomi,,Android,6.5 inch, 5000 mAh, 8 MP,4GB,64GB, MediaTek Helio G88 8 nhân,, Mali-G52 MC2,3552000
Điện Thoại Samsung Galaxy A14 5G (4GB/128GB) - Hàng chính hãng - ĐÃ KÍCH HOẠT BẢO HÀNH ĐIỆN TỬ,Samsung,,Android,6.6 inch,,,4GB,128GB, MediaTek Dimensity 700 5G 8 nhân, Mali-G57 MC2,,5000000
Điện Thoại Itel S23 16GB(8GB+8GB)/256GB | Pin 5000mAh | 6.6 Inch | Camera 50MP | HÀNG CHÍNH HÃNG,Itel,,Android,6.6 inch,,,,,Unisoc T606,,,2885000
Điện thoại Samsung S22 Plus 8GB/256GB Đen - Hàng Chính Hãng,Samsung,,Android,6.6 inch, 4500 mAh,,8GB,256GB, Snapdragon 8 Gen 1 8 nhân,,Snapdragon 8 Gen 1 8 nhân,25025000
Điện thoại Realme C55 6GB/128GB Đen trời đêm - Hàng chính hãng,Realme,,Android,,,,,,MediaTek Helio G88,"Lõi tám nhân, 12nm, lên đến 2.0GHz",,3850000
Điện thoại Redmi A1 | Điện thoại cấu hình mạnh - Hàng chính hãng - Giá rẻ,Xiaomi,,Android,6.52 inch,,,2G,32G,MediaTek,MT6761 (Helio A22),IMG PowerVR GE8300,2150100
Điện thoại Oppo Reno8 T 5G (8GB/128GB) - Hàng chính hãng,OPPO,,Android,6.7 inch,,,,,Snapdragon 695 5G 8 nhân,8 nhân 2.2 GHz,,7700000
Điện thoại Samsung Galaxy Z Fold 4 5G 256GB Đen - Hàng chính hãng,Samsung,,Android,,,,,,,,,38531000
Điện thoại Samsung Galaxy Z Flip 4 5G 128GB Tím - Hàng chính hãng,Samsung,,Android,,,,,,,,,22551000
Điện thoại Xiaomi Redmi Note 11 Pro  (8GB/128GB) - Hàng chính hãng,Xiaomi,,Android,6.67 inch,,,,, MediaTek Helio G96 8 nhân,2 nhân 2.05 GHz & 6 nhân 2.0 GHz,,7032000
Điện thoại Xiaomi Redmi A1 (2GB/32GB) - Hàng chính hãng,Xiaomi,,Android,6.52 inch,,,,, MediaTek MT6761 4 nhân (Helio A22),2.0 GHz,,1790000
Điện thoại Xiaomi Redmi A1 (2GB/32GB) - Hàng chính hãng,Xiaomi,,Android,6.52 inch,,,,,Helio A22,4 nhân 2.0 GHz,,2088000
Điện thoại Samsung Galaxy A33 5G (6GB/128GB) - Hàng chính hãng,Samsung,,Android,6.4 inch,,,,,Exynos 1280 8 nhân,2 nhân 2.4 GHz &amp; 6 nhân 2 GHz,,7000000
Điện Thoại Vivo Y02s (3GB/32GB) - Hàng Chính Hãng,Vivo,,Android,,,,,,,,,2799000
Điện thoại Xiaomi REDMI 9A (2+32) Xanh lá - Hàng chính hãng (chỉ giao HN và một số khu vực),Xiaomi,,Android,,,,,,,,,2088000
Điiện Thoại OPPO Reno8 Z 5G (8GB/256GB) - Hàng Chính Hãng,OPPO,,Android,6.43 inch,4500 mAh,,8GB,256GB,Snapdragon 695 5G 8 nhân,2.2 GHz,,8644000
Điện Thoại Samsung Galaxy A34 5G (8GB/256GB) - Hàng Chính Hãng,Samsung,,Android,,,,,,,,,9490000
Điện Thoại Bphone 3 - Hàng Chính Hãng,Bphone,,Android,6 inch,3000 mAh,12MP,3 GB,32 GB,,1.8 GHz,Adreno 509,6990000
Điện thoại Xiaomi Redmi Note 12 4GB/128GB | AMOLED FHD+ 6.7 120HZ | Snapdragon 685 | 5000mAh + 33W | Hàng Chính Hãng,Xiaomi,,Android,6.7 inch,,,,,Snapdragon 685,,,3890000
Điện thoại Samsung Galaxy A05 (4GB/128GB)- Helio G85 - Sạc nhanh 25W - Hàng chính hãng,Samsung,,Android,6.7 inch,5000mah,,4GB,128GB,Helio G85,,,2743000
Điện Thoại Samsung Galaxy Z Flip 3 (128GB) - Hàng Chính Hãng,Samsung,,Android,6.7 inch,3300mAh,10MP,,128GB,,,,20000000
Điện thoại Samsung A33 5G 6GB/128GB Đen - Hàng Chính Hãng,Samsung,,Android,6.4 inch,5000 mAh,,6gb,128gb, Exynos 1280 8 nhân, 2 nhân 2.4 GHz &amp; 6 nhân 2 GHz, Mali-G68,6800000
Điện Thoại Samsung Galaxy A24 (6GB/128GB) - Hàng Chính Hãng,Samsung,,Android,,,,,,,,,5808000
Điện thoại Samsung Galaxy S23 Ultra 8GB/256GB Xanh lục - Hàng chính hãng,Samsung,,Android,,,,,,Snapdragon 8 Gen 2 Mobile Platform,Octa-core (8 nhân),,23950000
Điện thoại Samsung Galaxy A14 5G (4GB/128GB) - Hàng chính hãng,Samsung,,Android,6.6 inch,,,,,MediaTek Dimensity 700 5G 8 nhân,2.2 GHz,,5000000
"Điện thoại ZTE Blade V40 Vita (ZTE 8045) - MH giọt nước HD+ 6.75"" - Pin 6000 mAh sạc nhanh 22.5W -  Bộ nhớ mở rộng (4+2)GB - Hàng chính hãng",ZTE,,Android,6.7 inch,,,,,,,,4290000
Điện Thoại Xiaomi Redmi Note 12 (4GB/128GB) - Hàng Chính Hãng,Xiaomi,,Android,6.67 inch,5000 mAh,,4Gb,128Gb,Snapdragon 685 8 nhân,2.80 GHz,Adreno 610,4490000
Điện thoại Samsung Galaxy S20 FE (8GB/256GB) - Hàng chính hãng,Samsung,,Android,6.5 inch,,,,, Snapdragon 865 8 nhân,"1 nhân 2.84 GHz, 3 nhân 2.42 GHz & 4 nhân 1.8 GHz",,7459000
Điện thoại Xiaomi Redmi 10A (2GB/32GB) - Hàng chính hãng,Xiaomi,,Android,,5000 mAh,5 MP,2 GB,,,,MediaTek Helio G25,2556000
Điện Thoại Samsung Galaxy S20 FE - Hàng Chính Hãng,Samsung,,Android,6.5 inch,4500 mAh,32 MP,8GB,Tùy chọn: 128GB/256GB,Exynos 990 8 nhân,"2 nhân 2.73 GHz, 2 nhân 2.5 GHz &amp; 4 nhân 2.0 Ghz",Mali-G77 MP11,8625000
"Điện thoại Ulefone Armor 14 pro (chống nước,chống va đập,pin khủng,pin 10.000mAh,Ram 8Gb,Rom 128Gb)- hàng chính hãng",Ulefone,,Android,6.52 inch,10000,,6Gb,128Gb,,,,5990000
Điện thoại Xiaomi Redmi 10A (2/32GB)  - Hàng chính hãng ,Xiaomi,,Android,,,,,,,,,2331000
Điện Thoại OPPO A17K (3GB/64GB) - Hàng Chính Hãng,OPPO,,Android,6.56 inch,5000 mAh,,3GB,64GB, MediaTek Helio G35 8 nhân, 2.3 GHz,,3276000
Điện thoại Samsung Galaxy A24 - Hàng chính hãng,Samsung,,Android,,,,,,,,,5808000
Điện thoại Samsung Galaxy Z Flip4 5G (8 GB/128 GB) - Hàng chính hãng,Samsung,,Android,,,,,,Snapdragon 8+ Gen 1 8 nhân,,,20250000
Điện thoại Xiaomi REDMI 9C (3+64) Xám - Hàng chính hãng (chỉ giao HN và một số khu vực),Xiaomi,,Android,,,,,,,,,2568000
Điện thoại OPPO Reno8T 4G - Hàng chính hãng,OPPO,,Android,,,,,,,,,8136000
Điện thoại Samsung Galaxy Z Fold 4 (12GB/256GB) - Hàng chính hãng,Samsung,,Android,,,,,,,,,38000000
Điện thoại Samsung Galaxy Z Flip4 5G - Hàng chính hãng,Samsung,,Android,,,,,,Snapdragon 8+ Gen 1 8 nhân,,,20250000
Điện Thoại Samsung Galaxy A33 5G (8GB/128GB) - ĐÃ KÍCH HOẠT ĐIỆN TỬ - Hàng Chính Hãng,Samsung,,Android,, 5000 mAh,,8GB,128GB, Exynos 1280 8 nhân, 2 nhân 2.4 GHz &amp; 6 nhân 2 GHz, Mali-G68,8990000
Điện Thoại OPPO A54 (4GB/128GB) - Hàng Chính Hãng,OPPO,,Android,6.43 inch,,,,,Mediatek P35,,,3912000
Điện thoại Samsung Galaxy A33 5G (8/128GB) - Hàng chính hãng,Samsung,,Android,,5000mAh,,6GB,,,,,8500000
Điện Thoại Realme C51 4GB/128GB - Hàng Chính Hãng,Realme,,Android,6.74 inch,5000 mAh,,4GB,128GB,Unisoc Tiger T612,1.82 GHz,1.82 GHz,3311000
Điện thoại Xiaomi Redmi A1 - Hàng chính hãng,Xiaomi,,Android,,,,,,Đang cập nhật,2.0 GHz,,2088000
Điện Thoại Samsung Galaxy S23 Ultra 5G - Hàng Chính Hãng,Samsung,,Android,,,,,,,,,30000000
Điện Thoại Samsung Galaxy Z Flip3 5G 8GB/128GB - Hàng Chính Hãng ,Samsung,,Android,,3300mAh,,8GB,,,,,20000000
Điện thoại Xiaomi Redmi 12C (4GB/64GB) - Hàng chính hãng,Xiaomi,,Android,6.7 inch,,,,,MediaTek Helio G85 8 nhân,2 nhân 2.0 GHz và 6 nhân 1.8 GHz,,3168000
"Điện thoại thông minh XIAOMI Redmi 10A 2GB+32GB/3GB+64GB MediaTek Helio G25 | 6,53"" HD+ Hàng chính hãng",Xiaomi,,Android,6.53 inch,,,2GB/3GB,32GB/64GB, MediaTek Helio G25 8 nhân,2,,2556000
"Điện thoại Smartphone iTel A26 (2GB/32GB) - Chụp Ảnh AI, Mở Khoá Bằng Khuôn Mặt  - Hàng Chính Hãng",OEM,,Android,5.7 inch,3020mAh,,2GB,32GB,Spreadtrum SC9832E; Quad-core ARM CortexTM A53,1.4GHz,Single-coreARM mali820 as 3D graphics accelerator,1299000
Điện Thoại Samsung Galaxy S23 5G - Hàng Chính Hãng,Samsung,,Android,,,,,,,,,23491000
Điện thoại Samsung A05 4GB - hàng chính hãng,Samsung,,Android,,,,,,,,,2781000
Điện thoại Samsung Galaxy S23 Ultra 5G 12GB/512GB - Hàng chính hãng - ĐÃ KÍCH HOẠT BẢO HÀNH ĐIỆN TỬ,Samsung,,Android,6.8 inch,,,12 GB,512 GB, Snapdragon 8 Gen 2 8 nhân,"1 nhân 3.36 GHz, 4 nhân 2.8 GHz &amp; 3 nhân 2 GHz",,33000000
Điện Thoại Oppo A76 6GB/128GB - Hàng Chính Hãng,OPPO,,Android,6.56 inch, 5000 mAh,,6GB,128GB,Snapdragon 680 8 nhân,4 nhân 2.4 GHz & 4 nhân 1.9 GHz,Adreno 610,5436000
Điện thoại OPPO A77 4GB+4GB/128GB - Sạc siêu nhanh 33W - Hàng nhập khẩu nhật - Bản quốc tế,OPPO,,Android,6.56 inch,5000 mah,,4GB,128GB,MediaTek Helio G35,,,3499000
Điện Thoại Samsung Galaxy Z Fold4 5G (12GB/256GB) - Hàng Chính Hãng - Đã kích hoạt bảo hành điện tử,Samsung,,Android,7.6 inch,4400 mAh,,12GB,256GB, Snapdragon 8+ Gen 1 8 nhân," 1 nhân 2.84 GHz, 3 nhân 2.4 GHz &amp; 4 nhân 1.8 GHz", Snapdragon 8+ Gen 1 8 nhân,38531000
Điện thoại Samsung Galaxy S23 Ultra 12GB/1TB Tím - Hàng chính hãng,Samsung,,Android,,,,,,Snapdragon 8 Gen 2 Mobile Platform,Octa-core (8 nhân),,42000000
Điện Thoại Samsung Galaxy A34 5G (8GB/128GB) - Hàng Chính Hãng,Samsung,,Android,6.6 inch,5000,,8 GB,128 GB,8 nhân,"2.6GHz, 2GHz",,7164000
Điện Thoại Xiaomi Redmi 9C 3GB/64GB - Hàng Chính Hãng,Xiaomi,,Android,6.53 inch,5000mAh,5MP,3GB,64GB,MediaTek Helio G35 8 nhân,4 nhân 2.3 GHz & 4 nhân 1.8 GHz,IMG PowerVR GE8320,2508000
Điện Thoại Samsung Galaxy A33 5G (6GB/128GB) - Hàng Chính Hãng - Đã kích hoạt bảo hành điện tử,Samsung,,Android,6.4 inch,,,,,Exynos 1280 8 nhân,2 nhân 2.4 GHz &amp; 6 nhân 2 GHz,,6800000
Điện thoại Samsung Galaxy S23 Ultra 256GB - Hàng chính hãng,Samsung,,Android,6.8 inch,,,,,Snapdragon 8 Gen 2 (4 nm),Adreno 740,,31990000
Điện thoại Oppo A18 - Hàng chính hãng,OPPO,,Android,,,,,,,,,3499000
"Điện thoại Xiaomi Redmi A2 MediaTek Helio G36 , Pin 5000 mAh - Hàng chính hãng",Xiaomi,,Android,,,,,,MediaTek Helio G36,,,1839000
Điện thoại Samsung Galaxy A34 5G 8GB/128GB Bạc - Hàng chính hãng,Samsung,,Android,,,,,,Dimensity 1080 – 5nm,,,7080000
Điện thoại Tecno Spark Go 2023 4G/64G Hàng chính hãng,Tecno,,Android,6.56 inch,5000 mAh,,4G,64G,Helio A22,4 nhân ARM Cortex-A53,,2331000
Điện thoại di động Xiaomi Redmi 9A - 2GB/32GB - Hàng chính hãng - Giá rẻ,Xiaomi,,Android,,,,,,,,,2290000
Điện thoại Xiaomi Redmi Note 11 Pro (8GB/128GB) - Hàng chính hãng,Xiaomi,,Android,6.67 inch,,,,,MediaTek Helio G96 8 nhân,2 nhân 2.05 GHz & 6 nhân 2.0 GHz,,7032000
Điện thoại OPPO A57 (4 GB/128 GB) - Hàng chính hãng,OPPO,,Android,,5000 mAh,,4 GB,128 GB,MediaTek Helio G35,,,4632000
Điện thoại Vivo Y33s (8GB/128GB) - Hàng chính hãng,Vivo,,Android,,,,,,MediaTek Helio G80 8 nhân,2 nhân 2.0 GHz & 6 nhân 1.8 GHz,,6069000
Điện thoại Samsung Galaxy S23 Plus 256GB - Hàng chính hãng,Samsung,,Android,6.6 inch,,,,,Snapdragon 8 Gen 2,Adreno 740,,26990000
Điện thoại Samsung Galaxy Z Flip4 5G - Hàng chính hãng,Samsung,,Android,,,,,,Snapdragon 8+ Gen 1 8 nhân,,,20250000
Điện thoại Realme C25Y (4GB/128GB) - Hàng chính hãng,Realme,,Android,6.5 inch,,,,,Unisoc T618 8 nhân,2.0 GHz,,3599000
Điện thoại Samsung Galaxy Z Fold 4 5G 256GB Xám - Hàng chính hãng,Samsung,,Android,,,,,,,,,38000000
Điện Thoại Samsung A14 5G 4GB/128GB - Hàng Chính Hãng,Samsung,,Android,6.6 inch,,,,,MediaTek Dimensity 700,,,5000000
Điện thoại Samsung Galaxy S22 Plus 5G (8GB/256GB) - Hàng chính hãng - ĐÃ KÍCH HOẠT BẢO HÀNH ĐIỆN TỬ,Samsung,,Android,6.6 inch,,,,,Snapdragon 8 Gen 1 8 nhân," 1 nhân 3 GHz, 3 nhân 2.5 GHz & 4 nhân 1.79 GHz",,23000000
Điện thoại Xiaomi Redmi Note 11 Pro 8GB/128GB Xám - Hàng Chính Hãng,Xiaomi,,Android,6.67 inch,5000 mAh,,8gb,128gb,Snapdragon 695 5G 8 nhân, 2 nhân 2.2 GHz &amp; 6 nhân 1.8 GHz, Adreno 619,7032000
Điện thoại OPPO A57 4GB/128GB Vàng - Hàng chính hãng,OPPO,,Android,,,,,,MediaTek Helio G35,,,4632000
Điện Thoại Xiaomi Redmi 9A (2GB/32GB)- Đã kích hoạt bảo hành điện tử- Hàng Chính Hãng - Granite Gray,Xiaomi,,Android,6.53 inch,,,2GB,32GB,MediaTek Helio G25 8 nhân,8 nhân 2.0 GHz, IMG PowerVR GE8320,2088000
Điện Thoại Oppo Reno 8T 5G (8GB/128GB) - Hàng Chính Hãng ,OPPO,,Android,,,,,,,,,7700000
Điện thoại Nokia C20 2GB/32GB Xanh - Hàng Chính Hãng,Nokia,,Android,6.5 inch, 2950 mAh,,2gb,32gb,Spreadtrum SC9863A 8 nhân,4 nhân 1.6 GHz &amp; 4 nhân 1.2 GHz, Mali-G52 MC2,1410000
Điện Thoại Samsung Galaxy A54 5G (8GB/256GB) - Hàng Chính Hãng,Samsung,,Android,6.4 inch,5000 mAh,,8 GB,256 GB,"802.11 a/b/g/n/ac/ax 2.4G+5GHz, HE80, MIMO, 1024-QAM","2.4GHz, 2GHz",,10790000
Điện Thoại Oppo A57 (4GB/64GB) - Hàng Chính Hãng,OPPO,,Android,,,,,,,,,4284000
Điện thoại Samsung Galaxy A54 5G (8GB/128GB) - Hàng chính hãng,Samsung,,Android,6.4 inch,,,,,Exynos 1380 8 nhân,,,10490000
Xiaomi Redmi 12C (4G/64G) - Hàng Chính Hãng,Xiaomi,,Android,6.7 inch,5000mAh,,4GB,64GB,MediaTek Helio G85 8 nhân, 2 nhân 2.0 GHz & 6 nhân 1.8 GHz,Mali-G52 MC2,2872000
Điện thoại Samsung Galaxy A04s (4GB/64GB) - Hàng chính hãng,Samsung,,Android,6.5 inch,,,,,Exynos 850 8 nhân,8 nhân 2.0 GHz,,2990000
Điện Thoại Samsung Galaxy Z Flip 3 (256GB) - Hàng Chính Hãng,Samsung,,Android,6.7 inch,3300mAh,10MP,,256GB,Snapdragon 888,,,20000000
Điện thoại Xiaomi Redmi 9A 2GB/32GB Xám - Hàng chính hãng,Xiaomi,,Android,,,,,,MediaTek Helio G25 8 nhân,,,2088000
Điện thoại Xiaomi Redmi A2 (2GB/32GB) - Hàng chính hãng,Xiaomi,,Android,,,,,,,,,1879000
Samsung Galaxy A04e 3G/32G - Hàng Chính Hãng - Đã kích hoạt bảo hành điện tử,Samsung,,Android,,,,,,,,,2249100
Điện thoại Xiaomi Redmi 9C - Hàng chính hãng,Xiaomi,,Android,6.53 inch,5000mAh,,4GB,128GB,MediaTek Helio G35 8 nhân,4 nhân 2.3 GHz &amp; 4 nhân 1.8 GHz,,2508000
Điện thoại Samsung Galaxy A34 5G 8GB/128GB Đen - Hàng chính hãng,Samsung,,Android,,,,,,Dimensity 1080 – 5nm,,,7080000
Samsung Galaxy A34 5G A346E (8+128G) Silver Bạc - Hàng Chính Hãng (chỉ giao HN và một số khu vực),Samsung,,Android,,,,,,,,,7164000
Điện thoại Samsung Galaxy A33 A336E 5G Orange (DM) - Hàng Chính Hãng,Samsung,,Android,,,,,,,,,7000000
Điện thoại Nokia C20 2GB/32GB Vàng - Hàng Chính Hãng,Nokia,,Android,6.5 inch,2950 mAh,,2gb,32gb, Spreadtrum SC9863A 8 nhân, 4 nhân 1.6 GHz &amp; 4 nhân 1.2 GHz,Mali-G52 MC2,1410000
Điện Thoại Samsung Galaxy S23 (8GB/128GB) - Hàng Chính Hãng,Samsung,,Android,6.1 inch,,,8 GB,128 GB,Snapdragon 8 Gen 2 8 nhân," 1 nhân 3.36 GHz, 4 nhân 2.8 GHz &amp; 3 nhân 2 GHz",Adreno 740,22990000
Điện thoại OPPO A57 4GB/128GB Đen - Hàng chính hãng,OPPO,,Android,,,,,,MediaTek Helio G35,,,3640000
Điện Thoại Samsung Galaxy A14 5G (4GB/128GB) - Hàng Chính hãng,Samsung,,Android,,5.000 mAh Công nghệ sạc  Sạc nhanh 15W,,4 GB,128 GB,MediaTek MT6883V,2.20 GHz,,5190000
Điện thoại OPPO CPH2375 - A76 Xanh Thời Thượng - Hàng chính hãng (chỉ giao HN và một số khu vực),OPPO,,Android,,,,,,,,,5436000
Điện Thoại Xiaomi Redmi 9C - Hàng Chính Hãng,Xiaomi,,Android,,5000 mAh,5 MP,,,MediaTek Helio G35 8 nhân,4 nhân 2.3 GHz & 4 nhân 1.8 GHz,,2508000
Điện thoại Samsung Galaxy Z Flip3 5G (8GB/128GB) - Hàng chính hãng,Samsung,,Android,,,,,,,,,20000000
Điện Thoại Samsung Galaxy Z Flip 4 - Hàng Chính Hãng,Samsung,,Android,6.7 inch,,,,,Snapdragon 8+ Gen 1 8 nhân,"1 nhân 3.18 GHz, 3 nhân 2.7 GHz &amp; 4 nhân 2 GHz",,20250000
Điện Thoại Realme C21Y 4GB/64GB - Hàng Chính Hãng,Realme,,Android,6.5 inch,,,,,Spreadtrum T610 8 nhân,1.8 GHz,,2813000
Điện Thoại OPPO A57 (4GB/128GB) - Hàng chính hãng,OPPO,,Android,6.56 inch, 5000 mAh,,4,128, MediaTek Helio G35 8 nhân,2.3 GHz, IMG PowerVR GE8320,3750000
Điện thoại Samsung Galaxy Z Fold 4 5G 512GB Kem - Hàng chính hãng,Samsung,,Android,,,,,,,,,42000000
Điện thoại Samsung Galaxy A04s (4GB/64BG) - Hàng chính hãng,Samsung,,Android,6.5 inch,,,,,Exynos 850 (8 nhân), Mali-G52,,3990000
Điện thoại di động Xiaomi Note 12S (8G/256G) - Hàng chính hãng,Xiaomi,,Android,6.43 inch,5000 mAh,,8GB,256GB, MediaTek Helio G96 8 nhân, 2 nhân 2.05 GHz &amp; 6 nhân 2.0 GHz,Mali-G57 MC2,6690000
"Điện thoại Oppo Reno8 Z 5G (8GB/256GB) Hàng Chính Hãng, Mới 100%, Nguyên Seal | Bảo hành 12 tháng GZ32 | Điện Thoại Giá Rẻ | Điện Thoại Gaming",OPPO,,Android,,,,,,,,,8644000
Điện thoại Xiaomi Redmi 10C (4G/128G) - hàng chính hãng,Xiaomi,,Android,6.7 inch,5000 mAh,,4G,128G,Snapdragon 680 8 nhân,4 nhân 2.4 GHz &amp; 4 nhân 1.9 GHz, Adreno 610,3141000
Điện thoại Xiaomi Redmi 12 8GB/128GB - Hàng Chính Hãng,Xiaomi,,Android,6.78 inch,5000mAh,,8GB,128GB,MediaTek Helio G88 8 nhân, 2.0 GHz,Mali-G52,4390000
Điện thoại Samsung Galaxy A04s (4G+64G) A047F Đồng - Hàng Chính Hãng (chỉ giao HN và một số khu vực),Samsung,,Android,,,,,,,,,2990000
Điện Thoại Oppo A55 (4GB/64GB) - Hàng Chính Hãng - Đã Kích Hoạt Bảo Hành Điện Tử - Đen Mạnh Mẽ,OPPO,,Android,6.5 inch,,,,,MediaTek Helio G35 8 nhân, 4 nhân 2.3 GHz & 4 nhân 1.8 GHz,,3912000
Điện thoại Samsung A33 5G 6GB/128GB Xanh - Hàng Chính Hãng,Samsung,,Android,6.4 inch, 5000 mAh,,6gb,128gb,Exynos 1280 8 nhân,2 nhân 2.4 GHz &amp; 6 nhân 2 GHz,Mali-G68,6800000
Điện Thoại Samsung Galaxy A04e - Hàng Chính Hãng,Samsung,,Android,,,,,,,,,2340000
Điện thoại Xiaomi Redmi 9A - Hàng chính hãng,Xiaomi,,Android,6.53 inch,5000mAh,,,,MediaTek Helio G25,8 nhân A53 tốc độ lên tới 2.0Ghz,,2088000
Điện Thoại Samsung Galaxy A04 (3GB/32GB) - Hàng Chính Hãng - Đã kích hoạt bảo hành điện tử,Samsung,,Android,6.5 inch,,,,, MediaTek Helio P35 8 nhân, 4 nhân 2.3 GHz &amp; 4 nhân 1.8 GHz, IMG PowerVR GE8320,2400000
Điện thoại di động Samsung A24 (6G/128G) - Hàng chính hãng - Đã kích hoạt bảo hành điện tử,Samsung,,Android,6.5 inch,5000 mAh,,6G/8G,128G,MediaTek Helio G99 8 nhân,,Mali-G57,5808000
Điện thoại OPPO A76 (6GB/28GB) - Hàng chính hãng,OPPO,,Android,6.56 inch, 5000 mAh,,6 GB,128 GB, Snapdragon 680 8 nhân, 4 nhân 2.4 GHz &amp; 4 nhân 1.9 GHz, Adreno 610,5436000
Điện thoại Samsung Galaxy A33 A336E 5G Xanh - Hàng Chính Hãng,Samsung,,Android,,,,,,,,,7000000
Điện thoại Samsung Galaxy A04s (4G+64G) A047F Xanh - Hàng Chính Hãng (chỉ giao HN và một số khu vực),Samsung,,Android,,,,,,,,,2990000
Điện thoại Samsung Galaxy S23 Plus 512GB - Hàng chính hãng,Samsung,,Android,6.6 inch,,,,,Snapdragon 8 Gen 2,Adreno 740,,28191000
Điện Thoại Xiaomi Redmi 12C 3GB/32GB - Hàng Chính Hãng,Xiaomi,,Android,6.71 inch,5000 mAh,,3GB,32GB,,,MediaTek Helio G85 8 nhân,2029000
Điện Thoại OPPO A76 (6GB/128GB) - Hàng Chính Hãng ,OPPO,,Android,6.56 inch,5000 mAh,,6GB,128GB,Snapdragon 680 8 nhân,"4 nhân 2.4 GHz,  4 nhân 1.9 GHz",,5436000
Điện thoại OPPO CPH2471 - A17k Vàng - Hàng Chính Hãng (chỉ giao HN và một số khu vực),OPPO,,Android,,,,,,,,,3276000
Điện thoại Xiaomi Redmi Note 12 (4G/128G) - Hàng chính hãng Full Box,Xiaomi,,Android,6.67 inch,5000 mAh,,4GB,128GB,Snapdragon 685 8 nhân,2.8 GHz,Adreno 610,4491000
Điện Thoại Oppo A55 4GB/64GB - Hàng Chính Hãng,OPPO,,Android,6.5 inch,,,4GB, 64GB, MediaTek Helio G35 8 nhân,4 nhân 2.3 GHz & 4 nhân 1.8 GHz,,3912000
Điện thoại Samsung Galaxy S22 Plus 5G (8GB/128GB) - Hàng Chính Hãng,Samsung,,Android,,,,,,,,,24912000
Điện Thoại Samsung Galaxy Z Flip 4 (8GB/128GB) - Hàng Chính Hãng - Đã kích hoạt bảo hành điện tử,Samsung,,Android,6.7 inch,3700 mAh,,,,Snapdragon 8+ Gen 1 8 nhân,"1 nhân 3.18 GHz, 3 nhân 2.7 GHz &amp; 4 nhân 2 GHz",,22551000
Điện thoại OPPO CPH2387 - A57 Đen - Hàng Chính Hãng,OPPO,,Android,,,,,,,,,4034000
Điện thoại Oppo A55 (4GB/64GB) - Hàng chính hãng,OPPO,,Android,6.5 inch,,,,,MediaTek Helio G35 8 nhân,4 nhân 2.3 GHz & 4 nhân 1.8 GHz,,3912000
Điện thoại OPPO A58 6GB/128GB Đen - Hàng chính hãng,OPPO,,Android,,,,,,MediaTek Helio G85,,,4580000
Điện thoại Samsung A33 5G 6GB/128GB Cam - Hàng Chính Hãng,Samsung,,Android,6.4 inch,5000 mAh,,6gb,128gb, Exynos 1280 8 nhân, 2 nhân 2.4 GHz &amp; 6 nhân 2 GHz, Mali-G68,6800000
Điện thoại Samsung Galaxy A04 (3G+32G) SM-A045F Đồng - Hàng Chính Hãng (chỉ giao HN và một số khu vực),Samsung,,Android,,,,,,,,,2400000
Điện thoại Samsung Galaxy S23 5G 8GB/256GB - Hàng chính hãng - ĐÃ KÍCH HOẠT BẢO HÀNH ĐIỆN TỬ,Samsung,,Android,6.1 inch,,,,, Snapdragon 8 Gen 2 8 nhân,"1 nhân 3.36 GHz, 4 nhân 2.8 GHz &amp; 3 nhân 2 GHz",,23491000
Điện Thoại Samsung Galaxy A34 5G (8GB/128GB) ĐKH -  Hàng Chính Hãng,Samsung,,Android,,5000 mAh,13 MP,8 GB,,MediaTek Dimensity 1080 8 nhân,2.2 GHz,Mali-G68 MC4,7164000
Điện thoại Realme C21Y (4GB/64GB) - Hàng chính hãng,Realme,,Android,6.5 inch,,,,,Spreadtrum T610 8 nhân,8 nhân 1.8 GHz,,3329000
Điện thoại Samsung Galaxy A04 (3G+32G) SM-A045F Xanh - Hàng Chính Hãng (chỉ giao HN và một số khu vực),Samsung,,Android,,,,,,,,,2400000
Điện thoại Samsung Galaxy A04 32GB - Hàng chính hãng,Samsung,,Android,6.4 inch,,,,,,"CPU 2.3GHz, 1.8GHz, Loại CPU 8 nhân",,2400000
Điện thoại OPPO CPH2471 - A17k Xanh - Hàng Chính Hãng (chỉ giao HN và một số khu vực),OPPO,,Android,,,,,,,,,3276000
Điện thoại Samsung Galaxy S23 Plus 8GB/256GB Xanh lục - Hàng chính hãng,Samsung,,Android,,,,,,Snapdragon 8 Gen 2 Mobile Platform,Octa-core (8 nhân),,25000000
Điện Thoại Samsung A33 5G 6GB/128GB - Hàng Chính Hãng,Samsung,,Android,6.4 inch,,,,,Exynos 1280 8 nhân,2 nhân 2.4 GHz &amp; 6 nhân 2 GHz,,6800000
Điện thoại TECNO Spark 6 Go (4GB/64GB) - Hàng chính hãng,Tecno,,Android,6.52 inch,,,,,MediaTek Helo A25,4 nhân 1.8 GHz,,2559000
"[HCM]Ốp Lưng IPHONE Cường Lực Trong Suốt Cao Cấp Cho Dòng Iphone 14/14Pro/14Plus/14 Pro Max, Iphone 13Mini/13Pro/13ProMax, Iphone 12/12Pro/12Promax, Iphone 11/11Pro/11ProMax- Hàng nhập khẩu",No Brand,,iOS,,,,,,,,,110000
Điện Thoại Xiaomi Redmi 9A (2GB/32GB)- Đã kích hoạt bảo hành điện tử- Hàng Chính Hãng - Sky Blue,Xiaomi,,Android,,, 5 MP,2GB,32GB,MediaTek Helio G25 8 nhân, 8 nhân 2.0 GHz, IMG PowerVR GE8320,2088000
Điện thoại OPPO A58 6GB/128GB Xanh - Hàng chính hãng,OPPO,,Android,,,,,,MediaTek Helio G85,,,4580000
Điện thoại Samsung Galaxy Z Fold4 5G (12GB/256GB) - Hàng chính hãng,Samsung,,Android,6.7 inch,,,,,Snapdragon 8+ Gen 1 8 nhân,"1 nhân 3.18 GHz, 3 nhân 2.7 GHz &amp; 4 nhân 2 GHz",,38000000
"Điện thoại Xiaomi Redmi 9A 2GB/32GB - Chip MediaTek Helio G25 8 nhân (12 nm), Màn hình 6.53"" HD+, Camera 13MP, Pin 5000 - Hàng Chính Hãng",Xiaomi,,Android,,,,,,,,,2148000
Điện thoại Samsung Galaxy S23 5G (8GB/128GB) - Hàng chính hãng,Samsung,,Android,,,,,,,,,23491000
Điện Thoại Xiaomi Note 11 Pro (8GB/128GB) - Hàng Chính Hãng,Xiaomi,,Android,6.67 inch,, 16 MP, 8 GB, 128 GB, MediaTek Helio G96 8 nhân, 2 nhân 2.05 GHz &amp; 6 nhân 2.0 GHz, Mali-G57 MC2,7032000
Điện thoại Samsung Galaxy A04e (3GB/32GB) - Hàng chính hãng,Samsung,,Android,6.5 inch,,,,,MediaTek Helio P35 8 nhân,,,2325000
Điện thoại Samsung Galaxy S22 Plus 5G (8GB/128GB) - Hàng chính hãng - ĐÃ KÍCH HOẠT BẢO HÀNH ĐIỆN TỬ,Samsung,,Android,6.6 inch,,,,,Snapdragon 8 Gen 1 8 nhân," 1 nhân 3 GHz, 3 nhân 2.5 GHz & 4 nhân 1.79 GHz",,23000000
Điện thoại Samsung Galaxy A34 5G 8GB/128GB Xanh - Hàng chính hãng,Samsung,,Android,,,,,,Dimensity 1080 – 5nm,,,7080000
Điện thoại Samsung Galaxy Z Flip3 5G (8GB/128GB) - Hàng chính hãng - ĐÃ KÍCH HOẠT BẢO HÀNH ĐIỆN TỬ,Samsung,,Android,,,,,,,"1 nhân 2.84 GHz, 3 nhân 2.42 GHz & 4 nhân 1.8 GHz",,20000000
Điện Thoại Samsung Galaxy A04 (3GB/32GB) - Hàng Chính Hãng,Samsung,,Android,6.5 inch, 5000 mAh,, 3 GB, 32 GB, MediaTek Helio P35 8 nhân, 4 nhân 2.3 GHz &amp; 4 nhân 1.8 GHz, IMG PowerVR GE8320,2400000
Điện Thoại Samsung Galaxy Z Flip3 5G 8GB/256GB - Hàng chính hãng chưa active,Samsung,,Android,,3300mAh,,8GB,,,,,20000000
Điện thoại Xiaomi REDMI 9A (2+32) Xanh dương - Hàng chính hãng (chỉ giao HN và một số khu vực),Xiaomi,,Android,,,,,,,,,2088000
Điện thoại Samsung Galaxy Z Flip 4 5G 128GB Vàng - Hàng chính hãng,Samsung,,Android,,,,,,,,,22551000
Điện Thoại Samsung Galaxy Z Flip 4 (8GB/128GB) - ĐÃ KÍCH HOẠT ĐIỆN TỬ - Hàng Chính Hãng,Samsung,,Android,,3700,,8GB,128GB,8 nhân,"3.18GHz, 2.7GHz, 2GHz",,22551000
Điện thoại Samsung Galaxy S23 Plus 8GB/256GB Kem - Hàng chính hãng,Samsung,,Android,,,,,,Snapdragon 8 Gen 2 Mobile Platform,Octa-core (8 nhân),,25000000
Điện Thoại Oppo A55 4GB/64GB - Hàng Chính Hãng,OPPO,,Android,,5000 mah,,4GB,64GB,MediaTek Helio G35,, IMG PowerVR GE8320,3912000
Điện thoại Samsung Galaxy A04 3/32GB - Hàng chính hãng,Samsung,,Android,6.5 inch,,,,,MediaTek Helio P35 8 nhân,,,2400000
Điện thoại Samsung Galaxy A33 (5G) A336 (6 GB/128 GB)- Hàng chính hãng,Samsung,,Android,,5000 mAh,,6 GB,128 GB,Exynos 1280 8 nhân,2 nhân 2.4 GHz &amp; 6 nhân 2 GHz,Mali-G68,7000000
Điện thoại Oppo A57 (4GB/64GB) - Hàng chính hãng,OPPO,,Android,6.56 inch,,,,,MediaTek Helio G35 8 nhân,8 nhân 2.3 GHz,,4284000
Điện thoại Samsung Galaxy S23 Plus 8GB/512GB Đen - Hàng chính hãng,Samsung,,Android,,,,,,Snapdragon 8 Gen 2 Mobile Platform,Octa-core (8 nhân),,28000000
Điện thoại Xiaomi Redmi 10C 4GB/128GB Xám - Hàng Chính Hãng,Xiaomi,,Android,6.7 inch,5000 mAh,,4gb,128gb,Snapdragon 680 8 nhân, 4 nhân 2.4 GHz &amp; 4 nhân 1.9 GHz,Adreno 610,3468000
Điện Thoại Samsung Galaxy S23+ 5G - Hàng Chính Hãng,Samsung,,Android,,,,,,,,,25000000
điện thoại Redmi A2 - Hàng chính hãng,Xiaomi,,Android,,,,,,,,,1881000
Điện thoại Samsung Galaxy Z Flip4 5G (8 GB/256 GB) - Hàng chính hãng,Samsung,,Android,,,,,,,,,22200000
Điện thoại Samsung Galaxy Z Flip 4 5G 256GB Tím - Hàng chính hãng,Samsung,,Android,,,,,,,,,22200000
Điện thoại Xiaomi Redmi 10C (4GB/64GB) - Hàng chính hãng,Xiaomi,,Android,,,,,, Snapdragon 680 8 nhân,,,3468000
Điện thoại Xiaomi Redmi 10A (2GB/32GB) - Hàng chính hãng,Xiaomi,,Android,,,,2GB,32GB, MediaTek Helio G25 8 nhân,,,2556000
Điện thoại di động Samsung A34 (8G/256G) - Hàng Chính Hãng - Đã kích hoạt BH điện tử,Samsung,,Android,6.6 inch,5000,,8Gb,"128GB, 256GB",MediaTek Dimensity 1080 8 nhân,2.6 GHz,Mali-G68 MC4,8490000
Điện thoại Samsung Galaxy S23 Plus 8GB/512GB Xanh lục - Hàng chính hãng,Samsung,,Android,,,,,,Snapdragon 8 Gen 2 Mobile Platform,Octa-core (8 nhân),,28000000
Điện thoại Samsung Galaxy S23 8GB 256GB - Hàng chính hãng,Samsung,,Android,6.1 inch,,,,,Snap dragon 8 gen 2,,,23491000
Điện Thoại Xiaomi Redmi 10C 4GB/128GB - Hàng Chính Hãng,Xiaomi,,Android,6.7 inch,5000 mAh,,4GB,128GB,Snapdragon 680,Octa-Core,Adreno 610,3468000
Điện thoại Xiaomi Redmi A1 2GB + 32GB Camera kép - Pin 5000mAh - Màn hình độ phân giải HD+ - Hàng chính hãng,Xiaomi,,Android,,,,2 GB,32 GB,,,,2088000
Điện thoại Samsung Galaxy Z Flip3 5G (8GB/256GB) - Hàng chính hãng,Samsung,,Android,6.7 inch,,,,,Snapdragon 888 8 nhân,"1 nhân 2.84 GHz, 3 nhân 2.4 GHz &amp; 4 nhân 1.8 GHz",,20000000
Điện thoại Samsung Galaxy A04s 4/64GB - Hàng chính hãng,Samsung,,Android,6.5 inch,,,,,Exynos 850 8 nhân,,,2990000
Điện Thoại Di Động OPPO A55 (4G+64G) - Hàng Chính Hãng,OPPO,,Android,,5000mAh,,,,,,,3912000
Điện thoại Xiaomi Redmi 10C (4 +128) Xám - Hàng Chính Hãng (chỉ giao HN và một số khu vực),Xiaomi,,Android,,,,,,,,,3468000
Điện Thoại OPPO A57 (4GB/64GB) - Hàng Chính Hãng ,OPPO,,Android,,,,,,Helio G35,tối đa 2.3GHz,,4284000
Điện thoại Samsung Galaxy S23 Plus 8GB/512GB Tím - Hàng chính hãng,Samsung,,Android,,,,,,Snapdragon 8 Gen 2 Mobile Platform,Octa-core (8 nhân),,28000000
Điện thoại OPPO A76 (6 GB/128 GB) - Hàng chính hãng,OPPO,,Android,,5000 mAh,,6 GB,128 GB, Snapdragon 680 8 nhân, 4 nhân 2.4 GHz &amp; 4 nhân 1.9 GHz,Adreno 610,5436000
Điện thoại Samsung Galaxy S23 8GB/128GB Xanh lục - Hàng chính hãng,Samsung,,Android,,,,,,Snapdragon 8 Gen 2 Mobile Platform,Octa-core (8 nhân),,23491000
Điện thoại Samsung Galaxy S23 Plus 8GB/512GB Kem - Hàng chính hãng,Samsung,,Android,,,,,,Snapdragon 8 Gen 2 Mobile Platform,Octa-core (8 nhân),,28000000
Điện thoại Samsung Galaxy Z Flip 4 5G 256GB Vàng - Hàng chính hãng,Samsung,,Android,,,,,,,,,20915000
Điện thoại Samsung Galaxy S23 Plus 8GB/256GB Đen - Hàng chính hãng,Samsung,,Android,,,,,,Snapdragon 8 Gen 2 Mobile Platform,Octa-core (8 nhân),,25000000
Điện thoại Samsung Galaxy Z Flip3 5G (8GB/256GB) - Hàng chính hãng,Samsung,,Android,,,,,, Snapdragon 888 8 nhân,"1 nhân 2.84 GHz, 3 nhân 2.4 GHz &amp; 4 nhân 1.8 GHz",,20000000
Điện thoại Samsung Galaxy A04s (4G+64G) A047F Đen - Hàng Chính Hãng (chỉ giao HN và một số khu vực),Samsung,,Android,,,,,,,,,2990000
Điện thoại Xiaomi Redmi 10C 4/128GB - Hàng chính hãng,Xiaomi,,Android,6.7 inch,5000mAh,,4GB,128GB, Snapdragon 680 8 nhân,4 nhân 2.4 GHz & 4 nhân 1.9 GHz,,3468000
Điện Thoại OPPO A57 (4GB/128GB) - Hàng Chính Hãng ,OPPO,,Android,6.56 inch,,,,,tối đa 2.3GHz,LCD,,4632000
Điện thoại Xiaomi Redmi 10C 4GB/128GB Xanh Dương - Hàng Chính Hãng,Xiaomi,,Android,6.7 inch,5000 mAh,,4gb,128gb,Snapdragon 680 8 nhân,4 nhân 2.4 GHz &amp; 4 nhân 1.9 GHz,,3468000
Điện thoại OPPO A55 4GB/64GB Đen- Hàng Chính Hãng,OPPO,,Android,6.5 inch,5000mAh,,4 GB,64 GB,"Helio G35, tối đa 2.3GHz",,,3912000
Điện thoại Samsung Galaxy Z Flip4 5G (8GB/256GB) - Hàng chính hãng,Samsung,,Android,6.7 inch,,,,,Snapdragon 8+ Gen 1 8 nhân,"1 nhân 3.18 GHz, 3 nhân 2.7 GHz &amp; 4 nhân 2 GHz",,22200000
Điện thoại Xiaomi Redmi 10A (2GB/32GB) - Hàng Chính Hãng,Xiaomi,,Android,6.53 inch,,,,,MediaTek Helio G25,4 nhân 2.0 GHz &amp; 4 nhân 1.5 GHz,,2556000
Điện thoại Samsung Galaxy S22 Plus 5G (8GB/256GB) - Hàng Chính Hãng,Samsung,,Android,,,,,,,,,23900000
Điện thoại Samsung Galaxy Z Flip4 5G (8GB/128GB) - Hàng chính hãng,Samsung,,Android,6.7 inch,,,,,Snapdragon 8+ Gen 1 8 nhân,"1 nhân 3.18 GHz, 3 nhân 2.7 GHz và 4 nhân 2 GHz",,20250000
Điện Thoại Oppo A55 (4GB/64GB) - Hàng Chính Hãng,OPPO,,Android,6.5 inch,,,,, MediaTek Helio G35 8 nhân, 4 nhân 2.3 GHz & 4 nhân 1.8 GHz,,3912000
Điện thoại Xiaomi Redmi 10C (4 +128) Xanh Dương - Hàng Chính Hãng (chỉ giao HN và một số khu vực),Xiaomi,,Android,,,,,,,,,3468000
Điện thoại OPPO A57 (4GB/28GB) - Hàng chính hãng,OPPO,,Android,, 5000 mAh,,4 GB,128 GB, MediaTek Helio G35 8 nhân, 2.3 GHz, IMG PowerVR GE8320,4632000
Điện thoại OPPO A57 (4GB/64GB) - Hàng chính hãng,OPPO,,Android,6.56 inch,5000 mAh,, 4 GB, 64 GB,MediaTek Helio G35 8 nhân, IMG PowerVR GE8320, IMG PowerVR GE8320,4284000
"ulefone Armor 24 (TIÊU CHUẨN MIL-STD-810H ,IP69K, chống nước ,chống sốc,pin 22000mah , màn hình6,78 inch, NFC, Ram24GB(12Gb+12Gb),rom 256GB)-hàng chính hãng ",Ulefone,,Android,,,,,,,,,7990000
"Điện thoại Ulefone armor 22(chống nước,chống va đập, Màn hình giọt nước 6,58 inch, RAM:8GB,Rom 128GB/256GB,Thẻ nhớ microSD Lên đến 512GB, Camera kép 64MP + 64MP)- hàng chính hãng",Ulefone,,Android,,,,,,,,,5990000
"Điện thoại Ulefone Power Armor 19T (Camera chụp ảnh nhiệt FLIR , RAM 17GB + ROM 256GB , Helio G99,sạc nhanh 66W,pin 9600mAh,chống nước,chống sốc)-hàng chính hãng",Ulefone,,Android,,,,,,,,,12990000
"Điện Thoại Chắc Chắn OUKITEL WP23 PRO ( Ram 16Gb(8GB+8Gb),Rom 128GB ,Android13, Pin 10600mAh,Màn hình 6.52 ""HD + ,13MP camera Sau,chống nước,chống va đập)-hàng chính hãng",Oukitel,,Android,,,,,,,,,4990000
"Điện thoại Ulefone Armor 13 (pin khủng,pin 13.200mAh, Ram 8Gb,Rom 256Gb,chống sốc,chống va đập,nội soi,tia hồng ngoại,tia lade,loa to,học online)- hàng chính hãng",Ulefone,,Android,,,,,,,,,7990000
"Điện thoại Xiaomi Redmi 10A (2GB/32GB) - Hàng chính hãng, Nguyên seal, Fullbox",Xiaomi,,Android,6.53 inch,5000mAh,,2GB,32GB, MediaTek Helio G25 8 nhân,4 nhân 2.0 GHz &amp; 4 nhân 1.5 GHz,IMG PowerVR GE8320,2556000
"Điện Thoại ulefone armor 21(Loa to 122dB Speaker ,pin 9600mAh,sạc nhanh 33W,Màn hình 6.58 in,camera chính 64MP,ban đêm 24MP,Ram 16Gb(8+8),rom 256Gb, điều khiển từ xa đa năng)- hàng chính hãng",Ulefone,,Android,,,,,,,,,6990000
Điện thoại Xiaomi Redmi 10C 4/128GB - Hàng chính hãng,Xiaomi,,Android,6.7 inch,,,4GB,128GB,Snapdragon 680,"Octa-core CPU, up to 2.4GHz",,3468000
"Oukitel wp30 Pro 5g SIÊU BỀN (sạc nhanh 120W ,pin 11000 mAh,màn hình 6.78 inch,Ram 24 GB(12gb + 12GB),Rom 512GB ,120Hz ,Android 13,camera 108mp)- hàng chính hãng",Oukitel,,Android,,,,,,,,,11990000
Điện Thoại Xiaomi Redmi 9A (2GB/32GB)- Đã kích hoạt bảo hành điện tử- Hàng Chính Hãng - Peacock Green,Xiaomi,,Android,6.53 inch,,,2GB,32GB,MediaTek Helio G25 8 nhân,8 nhân 2.0 GHz,PowerVR GE8320,2088000
Điện thoại OPPO A55 (4GB/64GB) - Hàng chính hãng,OPPO,,Android,6.5 inch,,,,,,,,3912000
Điện Thoại OPPO A57 (4GB/64GB) - Hàng Chính Hãng ,OPPO,,Android,6.56 inch,5000 mAh,,,,MediaTek Helio G35 8 nhân,2.3 GHz,,4284000
Điện thoại OPPO A55 (4GB/64GB) Đen - Hàng chính hãng,OPPO,,Android,,,,,,,,,3912000
"Điện Thoại Thông Minh siêu bền Oukitel WP27 (Ram 12GB,Rom 256GB,Màn hình 6.78 “FHD + ,pin 8300MAH,NFC, Android 13 ,CPU MTK G99,chống nước,chống sốc) –hàng chính hãng",Oukitel,,Android,,,,,,,,,6990000
"Điện thoại Ulefone armor 14 (Ram 4Gb,Rom 64Gb, Pin khủng,pin 10.000mAh,sạc không dây,chống nước,chống va đập,Màn hình 6,52 Inch,camera 20MP) – hàng chính hãng",Ulefone,,Android,,,,,,,,,4990000
Điện thoại Samsung Galaxy Z Flip4 5G - Hàng chính hãng,Samsung,,Android,,,,,,Snapdragon 8+ Gen 1 8 nhân,,,22200000
Điện Thoại Samsung Galaxy A05s (4GB/128GB) - Hàng Chính Hãng ,Samsung,,Android,6.7 inch,5000 mAh,,4 GB,128 GB,8 nhân,"2.4GHz, 1.9GHz",,3980000
"Điện thoại Xiaomi Redmi 13C (4+128GB) | 6.74"" 90Hz| Media Tek Helio G85| 5000mAh - Hàng chính hãng",Xiaomi,,Android,,5000 mah ,,4GB,128GB,Helio G85,,,2793000
Điện Thoại Xiaomi Redmi Note 12S (8GB/256GB) - Hàng Chính Hãng,Xiaomi,,Android,,,,,,,,,6132000
Điện Thoại Samsung A04s 4GB/64GB - Hàng Chính Hãng,Samsung,,Android,6.5 inch,5000mAh,,4GB,64GB,Exynos 850 8 nhân,2.0 GHz 2.0 GHz,Mali-G52,2757000
Điện thoại di động Tecno Spark 10 (4G+4G/128G) - Hàng chính hãng,Tecno,,Android,6.6 inch,5000 mAh,,4GB + 4GB,128GB,Media Teck,Helio G37,,3315500
Điện Thoại Samsung Galaxy A54 5G (8GB/128GB) - Hàng Chính Hãng,Samsung,,Android,6.4 inch,5000 mAh,,8 GB,128 GB,  Loại CPU 8 nhân,"2.4GHz, 2GHz",,9120000
Điện Thoại Oppo A55 (4GB/64GB) - Hàng Chính Hãng,OPPO,,Android,6.5 inch, 5000 mAh,16 MP,4GB, 64 GB, MediaTek Helio G35 8 nhân,4 nhân 2.3 GHz &amp; 4 nhân 1.8 GHz, IMG PowerVR GE8320,3912000
Điện Thoại Samsung Galaxy Z Flip 3 (128GB) - Hàng Chính Hãng- Đã kích hoạt bảo hành,Samsung,,Android,,,,,, Snapdragon 888 8 nhân,,,20000000
